image_id,selected,source_row_count,no_finding_row_count,package_image_type,chunk_id,zip_name,selected_from,no_finding_verified_by_train_csv
00291f7aff0123ea76a59998effef229,True,3,3,normal,32,vinbigdata_subset_dicom_part_032.zip,package_manifest_validated_by_train_csv_and_dicom_inventory,True
004d2bc2111d639f5e8441ced52d55cb,True,3,3,normal,32,vinbigdata_subset_dicom_part_032.zip,package_manifest_validated_by_train_csv_and_dicom_inventory,True
00a9f697d85a506d5b281f588addce4e,True,3,3,normal,32,vinbigdata_subset_dicom_part_032.zip,package_manifest_validated_by_train_csv_and_dicom_inventory,True
00e25f831ccd21bd41b558cfccbf1be7,True,3,3,normal,32,vinbigdata_subset_dicom_part_032.zip,package_manifest_validated_by_train_csv_and_dicom_inventory,True
015d74d7d2667a9b93b8909283af38c8,True,3,3,normal,32,vinbigdata_subset_dicom_part_032.zip,package_manifest_validated_by_train_csv_and_dicom_inventory,True
01892129d76aaa1f59d4b22df8a14c0b,True,3,3,normal,32,vinbigdata_subset_dicom_part_032.zip,package_manifest_validated_by_train_csv_and_dicom_inventory,True
02cbfa27d9e4b1d8c279932cd82e0730,True,3,3,normal,32,vinbigdata_subset_dicom_part_032.zip,package_manifest_validated_by_train_csv_and_dicom_inventory,True
032111ac5bb2e0cbb9a22745a77eef8f,True,3,3,normal,32,vinbigdata_subset_dicom_part_032.zip,package_manifest_validated_by_train_csv_and_dicom_inventory,True
036161ca6aa4daa43cc3bc55602e8960,True,3,3,normal,32,vinbigdata_subset_dicom_part_032.zip,package_manifest_validated_by_train_csv_and_dicom_inventory,True
041664dfb960a15686d7e9c4c7b4fd73,True,3,3,normal,32,vinbigdata_subset_dicom_part_032.zip,package_manifest_validated_by_train_csv_and_dicom_inventory,True
0424e80c4f0cae6ea9e65efeed75d5d0,True,3,3,normal,32,vinbigdata_subset_dicom_part_032.zip,package_manifest_validated_by_train_csv_and_dicom_inventory,True
04e78baf5f049a01b6b4f9a14f0b7c78,True,3,3,normal,32,vinbigdata_subset_dicom_part_032.zip,package_manifest_validated_by_train_csv_and_dicom_inventory,True
063319de25ce7edb9b1c6b8881290140,True,3,3,normal,32,vinbigdata_subset_dicom_part_032.zip,package_manifest_validated_by_train_csv_and_dicom_inventory,True
07e5378ad3928091c08dded1f6b5353d,True,3,3,normal,32,vinbigdata_subset_dicom_part_032.zip,package_manifest_validated_by_train_csv_and_dicom_inventory,True
089a1c26766c10e2d8c4cdb86ed769dc,True,3,3,normal,32,vinbigdata_subset_dicom_part_032.zip,package_manifest_validated_by_train_csv_and_dicom_inventory,True
09ebaedff630f8fa4d5d752f0beb34f2,True,3,3,normal,32,vinbigdata_subset_dicom_part_032.zip,package_manifest_validated_by_train_csv_and_dicom_inventory,True
0a475ad0b37bba0c638bbbe2ee5d355d,True,3,3,normal,32,vinbigdata_subset_dicom_part_032.zip,package_manifest_validated_by_train_csv_and_dicom_inventory,True
0a695a94168b32705b91779586c6b2e7,True,3,3,normal,32,vinbigdata_subset_dicom_part_032.zip,package_manifest_validated_by_train_csv_and_dicom_inventory,True
0ad98c531de3616cc63a92d6cf871494,True,3,3,normal,32,vinbigdata_subset_dicom_part_032.zip,package_manifest_validated_by_train_csv_and_dicom_inventory,True
0b36cce0b170c34b8c11fd15b42324b2,True,3,3,normal,32,vinbigdata_subset_dicom_part_032.zip,package_manifest_validated_by_train_csv_and_dicom_inventory,True
0c4a6bc602d1d207f217212c68a7131b,True,3,3,normal,32,vinbigdata_subset_dicom_part_032.zip,package_manifest_validated_by_train_csv_and_dicom_inventory,True
0cd291c189895fbdcc14f4d36e1abc81,True,3,3,normal,32,vinbigdata_subset_dicom_part_032.zip,package_manifest_validated_by_train_csv_and_dicom_inventory,True
0cf8dd905fb4f2f876eb241bf67add40,True,3,3,normal,32,vinbigdata_subset_dicom_part_032.zip,package_manifest_validated_by_train_csv_and_dicom_inventory,True
0d0e4dbe84356f8ec4a4ff7616b4850f,True,3,3,normal,32,vinbigdata_subset_dicom_part_032.zip,package_manifest_validated_by_train_csv_and_dicom_inventory,True
0ec4947d689af2a94cc913b312368279,True,3,3,normal,32,vinbigdata_subset_dicom_part_032.zip,package_manifest_validated_by_train_csv_and_dicom_inventory,True
0f8a78e1090c840b4455772fe92d7586,True,3,3,normal,32,vinbigdata_subset_dicom_part_032.zip,package_manifest_validated_by_train_csv_and_dicom_inventory,True
0fb6d9a425117670ba7c249b35523434,True,3,3,normal,32,vinbigdata_subset_dicom_part_032.zip,package_manifest_validated_by_train_csv_and_dicom_inventory,True
101d984c4172312c93efdd42e37e203b,True,3,3,normal,32,vinbigdata_subset_dicom_part_032.zip,package_manifest_validated_by_train_csv_and_dicom_inventory,True
101f2420808891cab10b4b2f0c1d2875,True,3,3,normal,32,vinbigdata_subset_dicom_part_032.zip,package_manifest_validated_by_train_csv_and_dicom_inventory,True
107d7671377160a4a5d708849ed5d331,True,3,3,normal,32,vinbigdata_subset_dicom_part_032.zip,package_manifest_validated_by_train_csv_and_dicom_inventory,True
112db7d495906f3358852756a87a4bbf,True,3,3,normal,32,vinbigdata_subset_dicom_part_032.zip,package_manifest_validated_by_train_csv_and_dicom_inventory,True
11b47878746ba8728eda0f9eed048639,True,3,3,normal,32,vinbigdata_subset_dicom_part_032.zip,package_manifest_validated_by_train_csv_and_dicom_inventory,True
11cfa1a5b04bd1eaa319d08cdb308bb9,True,3,3,normal,32,vinbigdata_subset_dicom_part_032.zip,package_manifest_validated_by_train_csv_and_dicom_inventory,True
12735a3e6ae44fe59babe2a618dbc450,True,3,3,normal,32,vinbigdata_subset_dicom_part_032.zip,package_manifest_validated_by_train_csv_and_dicom_inventory,True
13183cb48b0aae02e88c3f45547d393a,True,3,3,normal,32,vinbigdata_subset_dicom_part_032.zip,package_manifest_validated_by_train_csv_and_dicom_inventory,True
144e272e04daf6ac8d36548ea766da37,True,3,3,normal,32,vinbigdata_subset_dicom_part_032.zip,package_manifest_validated_by_train_csv_and_dicom_inventory,True
14783d2f57f9c689d827892bbe112cb8,True,3,3,normal,32,vinbigdata_subset_dicom_part_032.zip,package_manifest_validated_by_train_csv_and_dicom_inventory,True
14877acfaf8e3b25d9f089e15887c20d,True,3,3,normal,32,vinbigdata_subset_dicom_part_032.zip,package_manifest_validated_by_train_csv_and_dicom_inventory,True
15f016248709de49e2b725bda5cdd787,True,3,3,normal,32,vinbigdata_subset_dicom_part_032.zip,package_manifest_validated_by_train_csv_and_dicom_inventory,True
1688c69504b9fd2179225d4b03e677c0,True,3,3,normal,32,vinbigdata_subset_dicom_part_032.zip,package_manifest_validated_by_train_csv_and_dicom_inventory,True
171c5e2bbf7f95d2fb60a8bd81dc9d37,True,3,3,normal,32,vinbigdata_subset_dicom_part_032.zip,package_manifest_validated_by_train_csv_and_dicom_inventory,True
1734a9172a7aa8106b1f32bf7b280e28,True,3,3,normal,32,vinbigdata_subset_dicom_part_032.zip,package_manifest_validated_by_train_csv_and_dicom_inventory,True
179c892993a09dd56d4d09be53489d74,True,3,3,normal,32,vinbigdata_subset_dicom_part_032.zip,package_manifest_validated_by_train_csv_and_dicom_inventory,True
17c2cd33dd23c4ae46c9738e3c346531,True,3,3,normal,32,vinbigdata_subset_dicom_part_032.zip,package_manifest_validated_by_train_csv_and_dicom_inventory,True
17c980696d1aa513ab00665f1eff7bd6,True,3,3,normal,32,vinbigdata_subset_dicom_part_032.zip,package_manifest_validated_by_train_csv_and_dicom_inventory,True
17eea018beec6ef78ec675919080e6a1,True,3,3,normal,32,vinbigdata_subset_dicom_part_032.zip,package_manifest_validated_by_train_csv_and_dicom_inventory,True
18ca65f3991cd9e0339abe5d0dcdfc71,True,3,3,normal,32,vinbigdata_subset_dicom_part_032.zip,package_manifest_validated_by_train_csv_and_dicom_inventory,True
18ee5156937f823acee35e15110c6521,True,3,3,normal,32,vinbigdata_subset_dicom_part_032.zip,package_manifest_validated_by_train_csv_and_dicom_inventory,True
19c193dfd9cd25eaaed6196a21ccafda,True,3,3,normal,32,vinbigdata_subset_dicom_part_032.zip,package_manifest_validated_by_train_csv_and_dicom_inventory,True
19f915a7d8d00addb6a4846e623b4bfc,True,3,3,normal,32,vinbigdata_subset_dicom_part_032.zip,package_manifest_validated_by_train_csv_and_dicom_inventory,True
1ac82901d20fd381f9aee67859846cef,True,3,3,normal,32,vinbigdata_subset_dicom_part_032.zip,package_manifest_validated_by_train_csv_and_dicom_inventory,True
1b4daa200fc8f2a3c792ca61b7c8857d,True,3,3,normal,32,vinbigdata_subset_dicom_part_032.zip,package_manifest_validated_by_train_csv_and_dicom_inventory,True
1b95d6b2be1f6e89e865704024d1944b,True,3,3,normal,32,vinbigdata_subset_dicom_part_032.zip,package_manifest_validated_by_train_csv_and_dicom_inventory,True
1bcf6203521944e6222a000fec9fab38,True,3,3,normal,32,vinbigdata_subset_dicom_part_032.zip,package_manifest_validated_by_train_csv_and_dicom_inventory,True
1bf0c30ec9cf3abe34938787e5f9fc28,True,3,3,normal,32,vinbigdata_subset_dicom_part_032.zip,package_manifest_validated_by_train_csv_and_dicom_inventory,True
1c291f2d783a88bb29d4f0973d820cb0,True,3,3,normal,32,vinbigdata_subset_dicom_part_032.zip,package_manifest_validated_by_train_csv_and_dicom_inventory,True
1c3e88d7eb1849e80d109ab2f059a2e1,True,3,3,normal,32,vinbigdata_subset_dicom_part_032.zip,package_manifest_validated_by_train_csv_and_dicom_inventory,True
1c62f00b3228d2e131a84d1889e213cc,True,3,3,normal,32,vinbigdata_subset_dicom_part_032.zip,package_manifest_validated_by_train_csv_and_dicom_inventory,True
1c9e6dbfe347fb693c6c9e0cd82113c8,True,3,3,normal,32,vinbigdata_subset_dicom_part_032.zip,package_manifest_validated_by_train_csv_and_dicom_inventory,True
1cfebd799d9854a50bfa74e0271f358e,True,3,3,normal,32,vinbigdata_subset_dicom_part_032.zip,package_manifest_validated_by_train_csv_and_dicom_inventory,True
1d170ae6d3f174b88d55b7a44e1b8963,True,3,3,normal,32,vinbigdata_subset_dicom_part_032.zip,package_manifest_validated_by_train_csv_and_dicom_inventory,True
1d63eea24a9f69bc17f1da7af4ffa19a,True,3,3,normal,32,vinbigdata_subset_dicom_part_032.zip,package_manifest_validated_by_train_csv_and_dicom_inventory,True
1dbb725a05c9543e9bd2593ac079f970,True,3,3,normal,32,vinbigdata_subset_dicom_part_032.zip,package_manifest_validated_by_train_csv_and_dicom_inventory,True
1e0186710c1b727da188c139c83a820b,True,3,3,normal,32,vinbigdata_subset_dicom_part_032.zip,package_manifest_validated_by_train_csv_and_dicom_inventory,True
1f13fb95804f83251401097b2bb4aacf,True,3,3,normal,32,vinbigdata_subset_dicom_part_032.zip,package_manifest_validated_by_train_csv_and_dicom_inventory,True
1f1b451ebe38481d18a61961c9435a64,True,3,3,normal,32,vinbigdata_subset_dicom_part_032.zip,package_manifest_validated_by_train_csv_and_dicom_inventory,True
2033bbf90fa9b91519bac29eb334673a,True,3,3,normal,32,vinbigdata_subset_dicom_part_032.zip,package_manifest_validated_by_train_csv_and_dicom_inventory,True
20374abc6a6d82a106212cddd740a99c,True,3,3,normal,32,vinbigdata_subset_dicom_part_032.zip,package_manifest_validated_by_train_csv_and_dicom_inventory,True
2077dfb717706d5ce9a373f1672e869c,True,3,3,normal,32,vinbigdata_subset_dicom_part_032.zip,package_manifest_validated_by_train_csv_and_dicom_inventory,True
2094cd7cf01e7e283818e836115596c4,True,3,3,normal,32,vinbigdata_subset_dicom_part_032.zip,package_manifest_validated_by_train_csv_and_dicom_inventory,True
2139901070c5471f0e289e216bc90198,True,3,3,normal,32,vinbigdata_subset_dicom_part_032.zip,package_manifest_validated_by_train_csv_and_dicom_inventory,True
2300d60e735d646de5632275313f9c95,True,3,3,normal,32,vinbigdata_subset_dicom_part_032.zip,package_manifest_validated_by_train_csv_and_dicom_inventory,True
23ada7eb0d82a360190e77da2edfcf8f,True,3,3,normal,32,vinbigdata_subset_dicom_part_032.zip,package_manifest_validated_by_train_csv_and_dicom_inventory,True
2550db13e3e4174fb2980fbc965c4856,True,3,3,normal,32,vinbigdata_subset_dicom_part_032.zip,package_manifest_validated_by_train_csv_and_dicom_inventory,True
25e47d32d64f7f416d6fb1bf497b4b1a,True,3,3,normal,32,vinbigdata_subset_dicom_part_032.zip,package_manifest_validated_by_train_csv_and_dicom_inventory,True
26045d6e5c9397d08825496593fbc291,True,3,3,normal,32,vinbigdata_subset_dicom_part_032.zip,package_manifest_validated_by_train_csv_and_dicom_inventory,True
262cd3e70a033d61a7236aa971be339a,True,3,3,normal,32,vinbigdata_subset_dicom_part_032.zip,package_manifest_validated_by_train_csv_and_dicom_inventory,True
264fdebe57965c3292ce07c7b4be8c39,True,3,3,normal,32,vinbigdata_subset_dicom_part_032.zip,package_manifest_validated_by_train_csv_and_dicom_inventory,True
267e7d6c78b3bc498461b69668eb44f8,True,3,3,normal,32,vinbigdata_subset_dicom_part_032.zip,package_manifest_validated_by_train_csv_and_dicom_inventory,True
2752b250ca52cd0afe8b4b980e82310b,True,3,3,normal,32,vinbigdata_subset_dicom_part_032.zip,package_manifest_validated_by_train_csv_and_dicom_inventory,True
27689b23167e89e1142f6fa265921a3a,True,3,3,normal,32,vinbigdata_subset_dicom_part_032.zip,package_manifest_validated_by_train_csv_and_dicom_inventory,True
27e1d29f27cfe7f88225f4660e75615e,True,3,3,normal,32,vinbigdata_subset_dicom_part_032.zip,package_manifest_validated_by_train_csv_and_dicom_inventory,True
27eeacb2cf6ea95a95e0c60a914d45a3,True,3,3,normal,32,vinbigdata_subset_dicom_part_032.zip,package_manifest_validated_by_train_csv_and_dicom_inventory,True
2877640e69c0276243177a341ed74742,True,3,3,normal,32,vinbigdata_subset_dicom_part_032.zip,package_manifest_validated_by_train_csv_and_dicom_inventory,True
28c18bf8fcb6c11c5fbc7c00d9f5bacc,True,3,3,normal,32,vinbigdata_subset_dicom_part_032.zip,package_manifest_validated_by_train_csv_and_dicom_inventory,True
294c1b068fb6ecfd27f5106e744ddb4b,True,3,3,normal,32,vinbigdata_subset_dicom_part_032.zip,package_manifest_validated_by_train_csv_and_dicom_inventory,True
2988c0540fad8e078a609d7672525d5a,True,3,3,normal,32,vinbigdata_subset_dicom_part_032.zip,package_manifest_validated_by_train_csv_and_dicom_inventory,True
29cf3341c2f0195c0faddcf2e640045b,True,3,3,normal,32,vinbigdata_subset_dicom_part_032.zip,package_manifest_validated_by_train_csv_and_dicom_inventory,True
2a3cc19a099f06f80007cceb75d43bf0,True,3,3,normal,32,vinbigdata_subset_dicom_part_032.zip,package_manifest_validated_by_train_csv_and_dicom_inventory,True
2b55e75bee255de5460976f84d18b76f,True,3,3,normal,32,vinbigdata_subset_dicom_part_032.zip,package_manifest_validated_by_train_csv_and_dicom_inventory,True
2b8cead1c95f1a83f7ea7f7b92f398e4,True,3,3,normal,32,vinbigdata_subset_dicom_part_032.zip,package_manifest_validated_by_train_csv_and_dicom_inventory,True
2c0ecdf04ffe35c6031fe2ae2b3a36f4,True,3,3,normal,32,vinbigdata_subset_dicom_part_032.zip,package_manifest_validated_by_train_csv_and_dicom_inventory,True
2c2551cc5f69dc282a7dea8202492a85,True,3,3,normal,32,vinbigdata_subset_dicom_part_032.zip,package_manifest_validated_by_train_csv_and_dicom_inventory,True
2c6c48665c4d007b795cbcb57da481bd,True,3,3,normal,32,vinbigdata_subset_dicom_part_032.zip,package_manifest_validated_by_train_csv_and_dicom_inventory,True
2c7fbcdc37fba555a38a39db3d9e41a5,True,3,3,normal,32,vinbigdata_subset_dicom_part_032.zip,package_manifest_validated_by_train_csv_and_dicom_inventory,True
2d40e0cc7dca11e4b2d8574532096c31,True,3,3,normal,32,vinbigdata_subset_dicom_part_032.zip,package_manifest_validated_by_train_csv_and_dicom_inventory,True
2d5241a2f2800671da3f56606fe86d60,True,3,3,normal,32,vinbigdata_subset_dicom_part_032.zip,package_manifest_validated_by_train_csv_and_dicom_inventory,True
2d6d1b01427ec2acbdbc2149559585fa,True,3,3,normal,32,vinbigdata_subset_dicom_part_032.zip,package_manifest_validated_by_train_csv_and_dicom_inventory,True
2e4419b8c1f923cff2781be045f4e0d5,True,3,3,normal,32,vinbigdata_subset_dicom_part_032.zip,package_manifest_validated_by_train_csv_and_dicom_inventory,True
2e968b23fc1bc1150bf1943e1b53b031,True,3,3,normal,32,vinbigdata_subset_dicom_part_032.zip,package_manifest_validated_by_train_csv_and_dicom_inventory,True
2e9caf35e4c86be7006e6588b6e56985,True,3,3,normal,32,vinbigdata_subset_dicom_part_032.zip,package_manifest_validated_by_train_csv_and_dicom_inventory,True
2ea80a706ffc413d3c8d8c666e869c43,True,3,3,normal,32,vinbigdata_subset_dicom_part_032.zip,package_manifest_validated_by_train_csv_and_dicom_inventory,True
30466896de60f54644199811cfb542f1,True,3,3,normal,32,vinbigdata_subset_dicom_part_032.zip,package_manifest_validated_by_train_csv_and_dicom_inventory,True
3095cc822fe5a15e277499c62b74d58e,True,3,3,normal,32,vinbigdata_subset_dicom_part_032.zip,package_manifest_validated_by_train_csv_and_dicom_inventory,True
321f7e75a35ff3b3cb8a4cfb0ab266c2,True,3,3,normal,32,vinbigdata_subset_dicom_part_032.zip,package_manifest_validated_by_train_csv_and_dicom_inventory,True
322c95c6c1933b38440b167705248747,True,3,3,normal,32,vinbigdata_subset_dicom_part_032.zip,package_manifest_validated_by_train_csv_and_dicom_inventory,True
32712661995a66ff7b5193dd351ce5d3,True,3,3,normal,32,vinbigdata_subset_dicom_part_032.zip,package_manifest_validated_by_train_csv_and_dicom_inventory,True
32d7d0b779485be0f92e8ef0f90cccdf,True,3,3,normal,32,vinbigdata_subset_dicom_part_032.zip,package_manifest_validated_by_train_csv_and_dicom_inventory,True
32f643fbd7e99181193edf3720888743,True,3,3,normal,32,vinbigdata_subset_dicom_part_032.zip,package_manifest_validated_by_train_csv_and_dicom_inventory,True
3378210c38d195ff5a7e3b612cded052,True,3,3,normal,32,vinbigdata_subset_dicom_part_032.zip,package_manifest_validated_by_train_csv_and_dicom_inventory,True
345eb9bedef2fdd0d6d16380ca43005e,True,3,3,normal,32,vinbigdata_subset_dicom_part_032.zip,package_manifest_validated_by_train_csv_and_dicom_inventory,True
3460c8020f8edd51b37ebc33f350d914,True,3,3,normal,32,vinbigdata_subset_dicom_part_032.zip,package_manifest_validated_by_train_csv_and_dicom_inventory,True
34df7bfc75ed0a71f5fea716bdb421f8,True,3,3,normal,32,vinbigdata_subset_dicom_part_032.zip,package_manifest_validated_by_train_csv_and_dicom_inventory,True
34e635f644f6d4853776e2d74357b239,True,3,3,normal,32,vinbigdata_subset_dicom_part_032.zip,package_manifest_validated_by_train_csv_and_dicom_inventory,True
35815525d36333e4253234cc83fd666c,True,3,3,normal,32,vinbigdata_subset_dicom_part_032.zip,package_manifest_validated_by_train_csv_and_dicom_inventory,True
372dfcb677a2d0799d2f6e14d2177f1a,True,3,3,normal,32,vinbigdata_subset_dicom_part_032.zip,package_manifest_validated_by_train_csv_and_dicom_inventory,True
378c7f385c547e5e7dc632510939a551,True,3,3,normal,32,vinbigdata_subset_dicom_part_032.zip,package_manifest_validated_by_train_csv_and_dicom_inventory,True
379f083410e64a2fb74761b795bd0a41,True,3,3,normal,32,vinbigdata_subset_dicom_part_032.zip,package_manifest_validated_by_train_csv_and_dicom_inventory,True
37d313251f4a6ca33fc7e428389cb9c1,True,3,3,normal,32,vinbigdata_subset_dicom_part_032.zip,package_manifest_validated_by_train_csv_and_dicom_inventory,True
38d7d44f0a3b6c7129851d7ec6d9c001,True,3,3,normal,32,vinbigdata_subset_dicom_part_032.zip,package_manifest_validated_by_train_csv_and_dicom_inventory,True
3b100a95644ac8ab01f261f2edd6f5e2,True,3,3,normal,32,vinbigdata_subset_dicom_part_032.zip,package_manifest_validated_by_train_csv_and_dicom_inventory,True
3b7f1edb2129713f1ddd570c48d6ace1,True,3,3,normal,32,vinbigdata_subset_dicom_part_032.zip,package_manifest_validated_by_train_csv_and_dicom_inventory,True
3d3781571117f65ceac27dfbf2979b21,True,3,3,normal,32,vinbigdata_subset_dicom_part_032.zip,package_manifest_validated_by_train_csv_and_dicom_inventory,True
3dc3da07371be408d6313bd5d04bceec,True,3,3,normal,32,vinbigdata_subset_dicom_part_032.zip,package_manifest_validated_by_train_csv_and_dicom_inventory,True
3dd04efbb7f8f0e2757e8e588350f8e0,True,3,3,normal,32,vinbigdata_subset_dicom_part_032.zip,package_manifest_validated_by_train_csv_and_dicom_inventory,True
3e2c52e066e6bc9e28a58d7f13c64296,True,3,3,normal,32,vinbigdata_subset_dicom_part_032.zip,package_manifest_validated_by_train_csv_and_dicom_inventory,True
3e300793e970e7916c36a57fe350f688,True,3,3,normal,32,vinbigdata_subset_dicom_part_032.zip,package_manifest_validated_by_train_csv_and_dicom_inventory,True
3ee9f520c0a31c20b9851fb79dccec09,True,3,3,normal,32,vinbigdata_subset_dicom_part_032.zip,package_manifest_validated_by_train_csv_and_dicom_inventory,True
3ef799c210c419c0319cd2555eaa3abe,True,3,3,normal,32,vinbigdata_subset_dicom_part_032.zip,package_manifest_validated_by_train_csv_and_dicom_inventory,True
3f1c30152e33358e5830f3b59bd0c41d,True,3,3,normal,32,vinbigdata_subset_dicom_part_032.zip,package_manifest_validated_by_train_csv_and_dicom_inventory,True
3fb03f39fb2232e19b6de537731aa5ad,True,3,3,normal,32,vinbigdata_subset_dicom_part_032.zip,package_manifest_validated_by_train_csv_and_dicom_inventory,True
3fbf5ad0dc91fdb688ec53aceaa2bcac,True,3,3,normal,32,vinbigdata_subset_dicom_part_032.zip,package_manifest_validated_by_train_csv_and_dicom_inventory,True
3fea0b91a09533ea4c546cb1e49b8234,True,3,3,normal,32,vinbigdata_subset_dicom_part_032.zip,package_manifest_validated_by_train_csv_and_dicom_inventory,True
40b9a833fd7bc494e9803286d9349ca6,True,3,3,normal,32,vinbigdata_subset_dicom_part_032.zip,package_manifest_validated_by_train_csv_and_dicom_inventory,True
40c5bb0fb2daacf73f49b8cdfc278a27,True,3,3,normal,32,vinbigdata_subset_dicom_part_032.zip,package_manifest_validated_by_train_csv_and_dicom_inventory,True
412fc134e3193cefce521a751c3b254f,True,3,3,normal,32,vinbigdata_subset_dicom_part_032.zip,package_manifest_validated_by_train_csv_and_dicom_inventory,True
413a167473cba4db44ee7be8359d1546,True,3,3,normal,32,vinbigdata_subset_dicom_part_032.zip,package_manifest_validated_by_train_csv_and_dicom_inventory,True
418f63372f9d6d1e2e37dcfb466d6740,True,3,3,normal,32,vinbigdata_subset_dicom_part_032.zip,package_manifest_validated_by_train_csv_and_dicom_inventory,True
4203ea234a2b4f10be4bd90cddc64347,True,3,3,normal,32,vinbigdata_subset_dicom_part_032.zip,package_manifest_validated_by_train_csv_and_dicom_inventory,True
4248a80a016d3bb7c12544e32d97330f,True,3,3,normal,32,vinbigdata_subset_dicom_part_032.zip,package_manifest_validated_by_train_csv_and_dicom_inventory,True
427f538105c4b3e67683731e4cb6eacf,True,3,3,normal,33,vinbigdata_subset_dicom_part_033.zip,package_manifest_validated_by_train_csv_and_dicom_inventory,True
4479ab54ba10a7609e2baaf28f04a5cb,True,3,3,normal,33,vinbigdata_subset_dicom_part_033.zip,package_manifest_validated_by_train_csv_and_dicom_inventory,True
45be6be8ef7817787b00be04c6fd5286,True,3,3,normal,33,vinbigdata_subset_dicom_part_033.zip,package_manifest_validated_by_train_csv_and_dicom_inventory,True
46b92bf299d677ff131e33dc85a5b8f2,True,3,3,normal,33,vinbigdata_subset_dicom_part_033.zip,package_manifest_validated_by_train_csv_and_dicom_inventory,True
473e37c62215eca1498bf0584e59b69a,True,3,3,normal,33,vinbigdata_subset_dicom_part_033.zip,package_manifest_validated_by_train_csv_and_dicom_inventory,True
474bbe6ff1f8b29f0e274dc459d95f70,True,3,3,normal,33,vinbigdata_subset_dicom_part_033.zip,package_manifest_validated_by_train_csv_and_dicom_inventory,True
479f688143635e866da68da5dcd88efc,True,3,3,normal,33,vinbigdata_subset_dicom_part_033.zip,package_manifest_validated_by_train_csv_and_dicom_inventory,True
491c13b1c12bb702181d4795d3dd5083,True,3,3,normal,33,vinbigdata_subset_dicom_part_033.zip,package_manifest_validated_by_train_csv_and_dicom_inventory,True
4a67efd541f3149e52fc543a33abd332,True,3,3,normal,33,vinbigdata_subset_dicom_part_033.zip,package_manifest_validated_by_train_csv_and_dicom_inventory,True
4befb68953c8c713258a3e676d3df30d,True,3,3,normal,33,vinbigdata_subset_dicom_part_033.zip,package_manifest_validated_by_train_csv_and_dicom_inventory,True
4bfa2fa5fbcaf56ac690ad40fd74b260,True,3,3,normal,33,vinbigdata_subset_dicom_part_033.zip,package_manifest_validated_by_train_csv_and_dicom_inventory,True
4c127b111ebdba8c59de22a06ca00a7f,True,3,3,normal,33,vinbigdata_subset_dicom_part_033.zip,package_manifest_validated_by_train_csv_and_dicom_inventory,True
4c27e9e5e1f0eccd8fbda6137e6d29d3,True,3,3,normal,33,vinbigdata_subset_dicom_part_033.zip,package_manifest_validated_by_train_csv_and_dicom_inventory,True
4cd6ce29c3b6bab1f3f23509644cd626,True,3,3,normal,33,vinbigdata_subset_dicom_part_033.zip,package_manifest_validated_by_train_csv_and_dicom_inventory,True
4cdc062257b3f9570bef2afe986605a8,True,3,3,normal,33,vinbigdata_subset_dicom_part_033.zip,package_manifest_validated_by_train_csv_and_dicom_inventory,True
4cfcd0c0e7dcd3236b98e3361af8b324,True,3,3,normal,33,vinbigdata_subset_dicom_part_033.zip,package_manifest_validated_by_train_csv_and_dicom_inventory,True
4d382aae3f8589c113589533ffdb3545,True,3,3,normal,33,vinbigdata_subset_dicom_part_033.zip,package_manifest_validated_by_train_csv_and_dicom_inventory,True
4ed68446e699393eee15c57b87ab6f14,True,3,3,normal,33,vinbigdata_subset_dicom_part_033.zip,package_manifest_validated_by_train_csv_and_dicom_inventory,True
4f85a3489a50abf87136c4544ce8b2ba,True,3,3,normal,33,vinbigdata_subset_dicom_part_033.zip,package_manifest_validated_by_train_csv_and_dicom_inventory,True
4f88ef0610cf30530d9492bf9980ffdd,True,3,3,normal,33,vinbigdata_subset_dicom_part_033.zip,package_manifest_validated_by_train_csv_and_dicom_inventory,True
4fb8b42ce575d32e3bc864ac4b72b46f,True,3,3,normal,33,vinbigdata_subset_dicom_part_033.zip,package_manifest_validated_by_train_csv_and_dicom_inventory,True
503b8d4fecc9a637a1bb1f088d66b496,True,3,3,normal,33,vinbigdata_subset_dicom_part_033.zip,package_manifest_validated_by_train_csv_and_dicom_inventory,True
512e7a3cb8427dccc274f5425a3121dd,True,3,3,normal,33,vinbigdata_subset_dicom_part_033.zip,package_manifest_validated_by_train_csv_and_dicom_inventory,True
5186303faebc722fd30549bffab17d28,True,3,3,normal,33,vinbigdata_subset_dicom_part_033.zip,package_manifest_validated_by_train_csv_and_dicom_inventory,True
53c5f82af2582e61a0d2c47c851cc246,True,3,3,normal,33,vinbigdata_subset_dicom_part_033.zip,package_manifest_validated_by_train_csv_and_dicom_inventory,True
53f24abf8ff03943c9a413462606cb39,True,3,3,normal,33,vinbigdata_subset_dicom_part_033.zip,package_manifest_validated_by_train_csv_and_dicom_inventory,True
53fd81f25545667511f292625f390087,True,3,3,normal,33,vinbigdata_subset_dicom_part_033.zip,package_manifest_validated_by_train_csv_and_dicom_inventory,True
542f4583f097667ad5f691085f1da789,True,3,3,normal,33,vinbigdata_subset_dicom_part_033.zip,package_manifest_validated_by_train_csv_and_dicom_inventory,True
54573b0df6208b2a4b53c2c9c079e1b3,True,3,3,normal,33,vinbigdata_subset_dicom_part_033.zip,package_manifest_validated_by_train_csv_and_dicom_inventory,True
548bf08ac3fb4268aec314b42911af13,True,3,3,normal,33,vinbigdata_subset_dicom_part_033.zip,package_manifest_validated_by_train_csv_and_dicom_inventory,True
54c29330c2acd1a534ee949951b7f649,True,3,3,normal,33,vinbigdata_subset_dicom_part_033.zip,package_manifest_validated_by_train_csv_and_dicom_inventory,True
54faa310d699dd7d3318ed5e786638ce,True,3,3,normal,33,vinbigdata_subset_dicom_part_033.zip,package_manifest_validated_by_train_csv_and_dicom_inventory,True
55502b1d1bf95606ecfb0abb4f1fdd98,True,3,3,normal,33,vinbigdata_subset_dicom_part_033.zip,package_manifest_validated_by_train_csv_and_dicom_inventory,True
557e3236337cc0a98613a715ab9cde44,True,3,3,normal,33,vinbigdata_subset_dicom_part_033.zip,package_manifest_validated_by_train_csv_and_dicom_inventory,True
55e6279aac033f9a68822a4f84d765fc,True,3,3,normal,33,vinbigdata_subset_dicom_part_033.zip,package_manifest_validated_by_train_csv_and_dicom_inventory,True
56aac20ce11355082ffffb3d77bd6824,True,3,3,normal,33,vinbigdata_subset_dicom_part_033.zip,package_manifest_validated_by_train_csv_and_dicom_inventory,True
570b01357f936d484c60c80de7c74b86,True,3,3,normal,33,vinbigdata_subset_dicom_part_033.zip,package_manifest_validated_by_train_csv_and_dicom_inventory,True
575c1973c2d617658508d18d94bc2ffa,True,3,3,normal,33,vinbigdata_subset_dicom_part_033.zip,package_manifest_validated_by_train_csv_and_dicom_inventory,True
577807f1ee94692b516b0b184b89ab35,True,3,3,normal,33,vinbigdata_subset_dicom_part_033.zip,package_manifest_validated_by_train_csv_and_dicom_inventory,True
57c9ecc9749eb1860f37a308d0b284ec,True,3,3,normal,33,vinbigdata_subset_dicom_part_033.zip,package_manifest_validated_by_train_csv_and_dicom_inventory,True
57ea8252280fae29b410732f1f84bbae,True,3,3,normal,33,vinbigdata_subset_dicom_part_033.zip,package_manifest_validated_by_train_csv_and_dicom_inventory,True
587be2890ac536488d3c32debc1c215f,True,3,3,normal,33,vinbigdata_subset_dicom_part_033.zip,package_manifest_validated_by_train_csv_and_dicom_inventory,True
589b16dad117199798d05ca550dfcd5e,True,3,3,normal,33,vinbigdata_subset_dicom_part_033.zip,package_manifest_validated_by_train_csv_and_dicom_inventory,True
58bfe68d45f17aae1f4ffb9b5db6d6f8,True,3,3,normal,33,vinbigdata_subset_dicom_part_033.zip,package_manifest_validated_by_train_csv_and_dicom_inventory,True
5935605beb0f08caeb9ff4481157c520,True,3,3,normal,33,vinbigdata_subset_dicom_part_033.zip,package_manifest_validated_by_train_csv_and_dicom_inventory,True
5a8b04bbb49b5883741d4b183182c661,True,3,3,normal,33,vinbigdata_subset_dicom_part_033.zip,package_manifest_validated_by_train_csv_and_dicom_inventory,True
5a9e67c8d1782a1a1068ba62dc2e34f6,True,3,3,normal,33,vinbigdata_subset_dicom_part_033.zip,package_manifest_validated_by_train_csv_and_dicom_inventory,True
5af7ba3901d0937dea00f84257c5c8c2,True,3,3,normal,33,vinbigdata_subset_dicom_part_033.zip,package_manifest_validated_by_train_csv_and_dicom_inventory,True
5afdc4e7edfdefd26c0c8381ac79b358,True,3,3,normal,33,vinbigdata_subset_dicom_part_033.zip,package_manifest_validated_by_train_csv_and_dicom_inventory,True
5b6ac2868f30a56ee492348f8da40211,True,3,3,normal,33,vinbigdata_subset_dicom_part_033.zip,package_manifest_validated_by_train_csv_and_dicom_inventory,True
5c6a7334ef6de11f55adff603734e4ea,True,3,3,normal,33,vinbigdata_subset_dicom_part_033.zip,package_manifest_validated_by_train_csv_and_dicom_inventory,True
5c87991b2ad944d1a17e2e5b6a09f156,True,3,3,normal,33,vinbigdata_subset_dicom_part_033.zip,package_manifest_validated_by_train_csv_and_dicom_inventory,True
5d4a7daa7e70085f6e5489fff404c1e9,True,3,3,normal,33,vinbigdata_subset_dicom_part_033.zip,package_manifest_validated_by_train_csv_and_dicom_inventory,True
5dcc50d9eb1c4959a2a0dbdf2845ffc3,True,3,3,normal,33,vinbigdata_subset_dicom_part_033.zip,package_manifest_validated_by_train_csv_and_dicom_inventory,True
5df359e160b87cd0d9f496a1e6648b1f,True,3,3,normal,33,vinbigdata_subset_dicom_part_033.zip,package_manifest_validated_by_train_csv_and_dicom_inventory,True
5e3fbd3cf75a49590a141e5aa5572137,True,3,3,normal,33,vinbigdata_subset_dicom_part_033.zip,package_manifest_validated_by_train_csv_and_dicom_inventory,True
5e808e9cbcb8cb66f3c798e9e5ea4e03,True,3,3,normal,33,vinbigdata_subset_dicom_part_033.zip,package_manifest_validated_by_train_csv_and_dicom_inventory,True
5eb3f5cb8e18778cad831a75d0e74d95,True,3,3,normal,33,vinbigdata_subset_dicom_part_033.zip,package_manifest_validated_by_train_csv_and_dicom_inventory,True
5f7b80742cd833dcb52b3f2de3de412f,True,3,3,normal,33,vinbigdata_subset_dicom_part_033.zip,package_manifest_validated_by_train_csv_and_dicom_inventory,True
604ce8a56fd0539880b17f999ad10468,True,3,3,normal,33,vinbigdata_subset_dicom_part_033.zip,package_manifest_validated_by_train_csv_and_dicom_inventory,True
60e641e62376dc3cfa71299033535b40,True,3,3,normal,33,vinbigdata_subset_dicom_part_033.zip,package_manifest_validated_by_train_csv_and_dicom_inventory,True
6145c49011a33ec5d61866a3a7085f33,True,3,3,normal,33,vinbigdata_subset_dicom_part_033.zip,package_manifest_validated_by_train_csv_and_dicom_inventory,True
614e79f6a2879432b2af4287d954f98f,True,3,3,normal,33,vinbigdata_subset_dicom_part_033.zip,package_manifest_validated_by_train_csv_and_dicom_inventory,True
61e0b38cea96d57adb044ac496e556ff,True,3,3,normal,33,vinbigdata_subset_dicom_part_033.zip,package_manifest_validated_by_train_csv_and_dicom_inventory,True
61fee17f99b29fc46130613d0e7ba7c2,True,3,3,normal,33,vinbigdata_subset_dicom_part_033.zip,package_manifest_validated_by_train_csv_and_dicom_inventory,True
6284e06225c1bba8f413896721002e1f,True,3,3,normal,33,vinbigdata_subset_dicom_part_033.zip,package_manifest_validated_by_train_csv_and_dicom_inventory,True
6290796d31e7984c5bd7dac745d16bc1,True,3,3,normal,33,vinbigdata_subset_dicom_part_033.zip,package_manifest_validated_by_train_csv_and_dicom_inventory,True
62c14fe41339b118b7fa4a0bb569f3f9,True,3,3,normal,33,vinbigdata_subset_dicom_part_033.zip,package_manifest_validated_by_train_csv_and_dicom_inventory,True
630bd57c91d01444795cb63e9efe8741,True,3,3,normal,33,vinbigdata_subset_dicom_part_033.zip,package_manifest_validated_by_train_csv_and_dicom_inventory,True
6324583b0c0d0428991e94d43a9d5d09,True,3,3,normal,33,vinbigdata_subset_dicom_part_033.zip,package_manifest_validated_by_train_csv_and_dicom_inventory,True
639e8235c7931fa2efb4f74bca333e00,True,3,3,normal,33,vinbigdata_subset_dicom_part_033.zip,package_manifest_validated_by_train_csv_and_dicom_inventory,True
63ce5324b5bcb2e4c556a6112dead354,True,3,3,normal,33,vinbigdata_subset_dicom_part_033.zip,package_manifest_validated_by_train_csv_and_dicom_inventory,True
64f09bf84016428dd43f8984b2c303f7,True,3,3,normal,33,vinbigdata_subset_dicom_part_033.zip,package_manifest_validated_by_train_csv_and_dicom_inventory,True
670c2ddd42c86d8502924bd453b969e4,True,3,3,normal,33,vinbigdata_subset_dicom_part_033.zip,package_manifest_validated_by_train_csv_and_dicom_inventory,True
6747f99ef0ff341a8b25787e3436db5c,True,3,3,normal,33,vinbigdata_subset_dicom_part_033.zip,package_manifest_validated_by_train_csv_and_dicom_inventory,True
679bff232ad7e9f8623bcd61e7812bab,True,3,3,normal,33,vinbigdata_subset_dicom_part_033.zip,package_manifest_validated_by_train_csv_and_dicom_inventory,True
67fbc13add44ab3cafafb5be3ce3cafc,True,3,3,normal,33,vinbigdata_subset_dicom_part_033.zip,package_manifest_validated_by_train_csv_and_dicom_inventory,True
68626e0f21d8b844329c9cba44ff28eb,True,3,3,normal,33,vinbigdata_subset_dicom_part_033.zip,package_manifest_validated_by_train_csv_and_dicom_inventory,True
6899d63a9d60ee219291ba61f964dbcc,True,3,3,normal,33,vinbigdata_subset_dicom_part_033.zip,package_manifest_validated_by_train_csv_and_dicom_inventory,True
68c396ded603aae07cb3027b1d2e8a90,True,3,3,normal,33,vinbigdata_subset_dicom_part_033.zip,package_manifest_validated_by_train_csv_and_dicom_inventory,True
68fb6b382475cacea88d364da1730d34,True,3,3,normal,33,vinbigdata_subset_dicom_part_033.zip,package_manifest_validated_by_train_csv_and_dicom_inventory,True
690becc033b4b41fc20572d5f7f13359,True,3,3,normal,33,vinbigdata_subset_dicom_part_033.zip,package_manifest_validated_by_train_csv_and_dicom_inventory,True
69264b8eef78c43726b78a6fba59d962,True,3,3,normal,33,vinbigdata_subset_dicom_part_033.zip,package_manifest_validated_by_train_csv_and_dicom_inventory,True
6935c5330b07eb6492d228b1e1a740a5,True,3,3,normal,33,vinbigdata_subset_dicom_part_033.zip,package_manifest_validated_by_train_csv_and_dicom_inventory,True
693a01d0401e233e4f6bd441542dc424,True,3,3,normal,33,vinbigdata_subset_dicom_part_033.zip,package_manifest_validated_by_train_csv_and_dicom_inventory,True
698f2c03335010d2ff0a30798f8c2e08,True,3,3,normal,33,vinbigdata_subset_dicom_part_033.zip,package_manifest_validated_by_train_csv_and_dicom_inventory,True
69a2762d9ad4e34d46a08a58596a71e9,True,3,3,normal,33,vinbigdata_subset_dicom_part_033.zip,package_manifest_validated_by_train_csv_and_dicom_inventory,True
69ea3cb5de2b638097e68aa955ad1087,True,3,3,normal,33,vinbigdata_subset_dicom_part_033.zip,package_manifest_validated_by_train_csv_and_dicom_inventory,True
6ada8f68e2f901b30feb74aaa0c32ba4,True,3,3,normal,33,vinbigdata_subset_dicom_part_033.zip,package_manifest_validated_by_train_csv_and_dicom_inventory,True
6bb0f4c7693b63f01ca906e712abd4e3,True,3,3,normal,33,vinbigdata_subset_dicom_part_033.zip,package_manifest_validated_by_train_csv_and_dicom_inventory,True
6cb28973ba5bf897b5c1ef88c79c47c2,True,3,3,normal,33,vinbigdata_subset_dicom_part_033.zip,package_manifest_validated_by_train_csv_and_dicom_inventory,True
6d58e4bb28efa358fbce1c94e6b15efe,True,3,3,normal,33,vinbigdata_subset_dicom_part_033.zip,package_manifest_validated_by_train_csv_and_dicom_inventory,True
6e004d77616aa8546ed689d9360e1080,True,3,3,normal,33,vinbigdata_subset_dicom_part_033.zip,package_manifest_validated_by_train_csv_and_dicom_inventory,True
6e0dd61ae870e3b4f5701af4d7cb5b8b,True,3,3,normal,33,vinbigdata_subset_dicom_part_033.zip,package_manifest_validated_by_train_csv_and_dicom_inventory,True
6e26e1092a0297a1cbf0a867e3b90326,True,3,3,normal,33,vinbigdata_subset_dicom_part_033.zip,package_manifest_validated_by_train_csv_and_dicom_inventory,True
6e395f737d2b004443f033eb9ad7ba17,True,3,3,normal,33,vinbigdata_subset_dicom_part_033.zip,package_manifest_validated_by_train_csv_and_dicom_inventory,True
6e45dcf215f6474234248ad70fb897d1,True,3,3,normal,33,vinbigdata_subset_dicom_part_033.zip,package_manifest_validated_by_train_csv_and_dicom_inventory,True
6e48149a34ba1700f265b5e7d9fe0cd1,True,3,3,normal,33,vinbigdata_subset_dicom_part_033.zip,package_manifest_validated_by_train_csv_and_dicom_inventory,True
6eae1d4353b0a57087ca071556aef1ec,True,3,3,normal,33,vinbigdata_subset_dicom_part_033.zip,package_manifest_validated_by_train_csv_and_dicom_inventory,True
6f873f0a401ca124ae1e125f081b591e,True,3,3,normal,33,vinbigdata_subset_dicom_part_033.zip,package_manifest_validated_by_train_csv_and_dicom_inventory,True
70bb28b860c2c597900d4a0722cf53a7,True,3,3,normal,33,vinbigdata_subset_dicom_part_033.zip,package_manifest_validated_by_train_csv_and_dicom_inventory,True
70c57f59ed881d79ba9c1071b605c42f,True,3,3,normal,33,vinbigdata_subset_dicom_part_033.zip,package_manifest_validated_by_train_csv_and_dicom_inventory,True
71bb412dd9f1550f447ce895f400599a,True,3,3,normal,33,vinbigdata_subset_dicom_part_033.zip,package_manifest_validated_by_train_csv_and_dicom_inventory,True
72dba276d1673ef009c04d2c8a7e3238,True,3,3,normal,33,vinbigdata_subset_dicom_part_033.zip,package_manifest_validated_by_train_csv_and_dicom_inventory,True
7433f75def4589a4eaaba2cc947af95a,True,3,3,normal,33,vinbigdata_subset_dicom_part_033.zip,package_manifest_validated_by_train_csv_and_dicom_inventory,True
745101df234416c1912639f9aa4816bd,True,3,3,normal,33,vinbigdata_subset_dicom_part_033.zip,package_manifest_validated_by_train_csv_and_dicom_inventory,True
752836009ec557fe1f845720bc2914f4,True,3,3,normal,33,vinbigdata_subset_dicom_part_033.zip,package_manifest_validated_by_train_csv_and_dicom_inventory,True
7593231d642b5869a4974ffbc46adcab,True,3,3,normal,33,vinbigdata_subset_dicom_part_033.zip,package_manifest_validated_by_train_csv_and_dicom_inventory,True
760af980f4ad1ef40a517cf7e005ea1b,True,3,3,normal,33,vinbigdata_subset_dicom_part_033.zip,package_manifest_validated_by_train_csv_and_dicom_inventory,True
76890e5a55be1076e0e4367b1a2b35db,True,3,3,normal,33,vinbigdata_subset_dicom_part_033.zip,package_manifest_validated_by_train_csv_and_dicom_inventory,True
76b3ac42fafec422e9e25c5ae8fab603,True,3,3,normal,33,vinbigdata_subset_dicom_part_033.zip,package_manifest_validated_by_train_csv_and_dicom_inventory,True
76c39b1acee002408cc8956065ea105e,True,3,3,normal,33,vinbigdata_subset_dicom_part_033.zip,package_manifest_validated_by_train_csv_and_dicom_inventory,True
770ae639d8c1ac0846ce73d7ad5bacad,True,3,3,normal,33,vinbigdata_subset_dicom_part_033.zip,package_manifest_validated_by_train_csv_and_dicom_inventory,True
779f3b4e5deddf8161905698bf806432,True,3,3,normal,33,vinbigdata_subset_dicom_part_033.zip,package_manifest_validated_by_train_csv_and_dicom_inventory,True
781337185d4b99902d0ebfd2867feab8,True,3,3,normal,33,vinbigdata_subset_dicom_part_033.zip,package_manifest_validated_by_train_csv_and_dicom_inventory,True
78aa8415fbf1c792f7d7c53349d44d4f,True,3,3,normal,33,vinbigdata_subset_dicom_part_033.zip,package_manifest_validated_by_train_csv_and_dicom_inventory,True
7998e75d4e0f0ada2898d673c8ffecb3,True,3,3,normal,33,vinbigdata_subset_dicom_part_033.zip,package_manifest_validated_by_train_csv_and_dicom_inventory,True
79edf950abd9ddc4dac37e113e40da5d,True,3,3,normal,33,vinbigdata_subset_dicom_part_033.zip,package_manifest_validated_by_train_csv_and_dicom_inventory,True
7a96c5f15fb08c98d2489dc2d1ad05d9,True,3,3,normal,33,vinbigdata_subset_dicom_part_033.zip,package_manifest_validated_by_train_csv_and_dicom_inventory,True
7b6a38d1478375102a8396bedfbf9edf,True,3,3,normal,33,vinbigdata_subset_dicom_part_033.zip,package_manifest_validated_by_train_csv_and_dicom_inventory,True
7c11b4c81ab766a9aa8e300ddc618084,True,3,3,normal,33,vinbigdata_subset_dicom_part_033.zip,package_manifest_validated_by_train_csv_and_dicom_inventory,True
7c1874e73e85727a0a12139add66bfa6,True,3,3,normal,33,vinbigdata_subset_dicom_part_033.zip,package_manifest_validated_by_train_csv_and_dicom_inventory,True
7c42de6dd248ce53880debab2567b521,True,3,3,normal,33,vinbigdata_subset_dicom_part_033.zip,package_manifest_validated_by_train_csv_and_dicom_inventory,True
7c5b807ba491941d7a260bd1546b863d,True,3,3,normal,33,vinbigdata_subset_dicom_part_033.zip,package_manifest_validated_by_train_csv_and_dicom_inventory,True
7c9d52b0b094b37a3e6e520d3882f341,True,3,3,normal,33,vinbigdata_subset_dicom_part_033.zip,package_manifest_validated_by_train_csv_and_dicom_inventory,True
7cd5b8c196d506b6a1040873bf0472f0,True,3,3,normal,33,vinbigdata_subset_dicom_part_033.zip,package_manifest_validated_by_train_csv_and_dicom_inventory,True
7d3d289c824d3643eb22cdcde43afdf7,True,3,3,normal,33,vinbigdata_subset_dicom_part_033.zip,package_manifest_validated_by_train_csv_and_dicom_inventory,True
7d57de3c3c7f81da4daab6094e01e9e8,True,3,3,normal,33,vinbigdata_subset_dicom_part_033.zip,package_manifest_validated_by_train_csv_and_dicom_inventory,True
7f599800cc62ee666b751303ca096f98,True,3,3,normal,33,vinbigdata_subset_dicom_part_033.zip,package_manifest_validated_by_train_csv_and_dicom_inventory,True
7feba6ffbc4f98d9d9c032a7ae477177,True,3,3,normal,33,vinbigdata_subset_dicom_part_033.zip,package_manifest_validated_by_train_csv_and_dicom_inventory,True
7ff2bf9cde37a4224e94680ce1b7b828,True,3,3,normal,33,vinbigdata_subset_dicom_part_033.zip,package_manifest_validated_by_train_csv_and_dicom_inventory,True
809fc376d2a0aeae5d8bb7f7aed6eda0,True,3,3,normal,33,vinbigdata_subset_dicom_part_033.zip,package_manifest_validated_by_train_csv_and_dicom_inventory,True
8157a9e66791223fbb7aeac1337953c7,True,3,3,normal,33,vinbigdata_subset_dicom_part_033.zip,package_manifest_validated_by_train_csv_and_dicom_inventory,True
82225c7d9d9d257ff166c37a90909c8e,True,3,3,normal,33,vinbigdata_subset_dicom_part_033.zip,package_manifest_validated_by_train_csv_and_dicom_inventory,True
82336f39711a91abff06905932f534d7,True,3,3,normal,33,vinbigdata_subset_dicom_part_033.zip,package_manifest_validated_by_train_csv_and_dicom_inventory,True
826cff99f07a59af9eca51ff161f1e08,True,3,3,normal,33,vinbigdata_subset_dicom_part_033.zip,package_manifest_validated_by_train_csv_and_dicom_inventory,True
82dda789847403a8544ad1e6928571bf,True,3,3,normal,33,vinbigdata_subset_dicom_part_033.zip,package_manifest_validated_by_train_csv_and_dicom_inventory,True
8355a97b5adf6ed2baa581c37486248b,True,3,3,normal,33,vinbigdata_subset_dicom_part_033.zip,package_manifest_validated_by_train_csv_and_dicom_inventory,True
848a8f3f7a4d210c2ee4901b0e07369a,True,3,3,normal,33,vinbigdata_subset_dicom_part_033.zip,package_manifest_validated_by_train_csv_and_dicom_inventory,True
8546bf5046e18c37bdb219c26b5d13cf,True,3,3,normal,33,vinbigdata_subset_dicom_part_033.zip,package_manifest_validated_by_train_csv_and_dicom_inventory,True
85bf2bce1d8ac45002dee50ffa3e014a,True,3,3,normal,33,vinbigdata_subset_dicom_part_033.zip,package_manifest_validated_by_train_csv_and_dicom_inventory,True
863827ae84bd3b17640ce459b0022d15,True,3,3,normal,33,vinbigdata_subset_dicom_part_033.zip,package_manifest_validated_by_train_csv_and_dicom_inventory,True
864162106b4c83be91a86d4d38595977,True,3,3,normal,33,vinbigdata_subset_dicom_part_033.zip,package_manifest_validated_by_train_csv_and_dicom_inventory,True
870dd6c4f5ce36cd38983795253a020a,True,3,3,normal,33,vinbigdata_subset_dicom_part_033.zip,package_manifest_validated_by_train_csv_and_dicom_inventory,True
875ffffa457e0a0aeb8a76872e3fc6d6,True,3,3,normal,34,vinbigdata_subset_dicom_part_034.zip,package_manifest_validated_by_train_csv_and_dicom_inventory,True
87fdaa98d570ac156bfaa0d863401373,True,3,3,normal,34,vinbigdata_subset_dicom_part_034.zip,package_manifest_validated_by_train_csv_and_dicom_inventory,True
8912ff28e4b5fd0a5e101fef66dabaa5,True,3,3,normal,34,vinbigdata_subset_dicom_part_034.zip,package_manifest_validated_by_train_csv_and_dicom_inventory,True
89524feaa558a7a2fbed12b38afcf61b,True,3,3,normal,34,vinbigdata_subset_dicom_part_034.zip,package_manifest_validated_by_train_csv_and_dicom_inventory,True
89ffa015af2b8418d8f503c0b65c75f2,True,3,3,normal,34,vinbigdata_subset_dicom_part_034.zip,package_manifest_validated_by_train_csv_and_dicom_inventory,True
8ad47a88ab880f982a7ca140b355f66e,True,3,3,normal,34,vinbigdata_subset_dicom_part_034.zip,package_manifest_validated_by_train_csv_and_dicom_inventory,True
8b0839b2cc2d11420e6cfbc46b5f0f87,True,3,3,normal,34,vinbigdata_subset_dicom_part_034.zip,package_manifest_validated_by_train_csv_and_dicom_inventory,True
8b5d3109a9d587e6a27ac3b109343c5f,True,3,3,normal,34,vinbigdata_subset_dicom_part_034.zip,package_manifest_validated_by_train_csv_and_dicom_inventory,True
8c6cbbc156f7eb5d6132c937d089f014,True,3,3,normal,34,vinbigdata_subset_dicom_part_034.zip,package_manifest_validated_by_train_csv_and_dicom_inventory,True
8ce28abc5f7b1e4b97eef3cf6f2cb218,True,3,3,normal,34,vinbigdata_subset_dicom_part_034.zip,package_manifest_validated_by_train_csv_and_dicom_inventory,True
8df447178660d98a2efcab6323c8f658,True,3,3,normal,34,vinbigdata_subset_dicom_part_034.zip,package_manifest_validated_by_train_csv_and_dicom_inventory,True
8e36ae96a199bbaea285e074edde991a,True,3,3,normal,34,vinbigdata_subset_dicom_part_034.zip,package_manifest_validated_by_train_csv_and_dicom_inventory,True
8ed4976e3f507617cea65e8b068cbb1e,True,3,3,normal,34,vinbigdata_subset_dicom_part_034.zip,package_manifest_validated_by_train_csv_and_dicom_inventory,True
8f53904e77e3c20fc28a489d9737d973,True,3,3,normal,34,vinbigdata_subset_dicom_part_034.zip,package_manifest_validated_by_train_csv_and_dicom_inventory,True
8f752093ee546364e7a3f570c7e2041d,True,3,3,normal,34,vinbigdata_subset_dicom_part_034.zip,package_manifest_validated_by_train_csv_and_dicom_inventory,True
8f828151dee8b12935726c711c024149,True,3,3,normal,34,vinbigdata_subset_dicom_part_034.zip,package_manifest_validated_by_train_csv_and_dicom_inventory,True
9163c1b53f6cef4006d0169ee3b24886,True,3,3,normal,34,vinbigdata_subset_dicom_part_034.zip,package_manifest_validated_by_train_csv_and_dicom_inventory,True
91783a3a0b479febd50ea952f711d776,True,3,3,normal,34,vinbigdata_subset_dicom_part_034.zip,package_manifest_validated_by_train_csv_and_dicom_inventory,True
91ce578ebdd959abb3c14b7c24711d19,True,3,3,normal,34,vinbigdata_subset_dicom_part_034.zip,package_manifest_validated_by_train_csv_and_dicom_inventory,True
92fae85ed91d9465eb06594a89cf2697,True,3,3,normal,34,vinbigdata_subset_dicom_part_034.zip,package_manifest_validated_by_train_csv_and_dicom_inventory,True
931e92a65f8ec5eb009c0afa0f52e0c1,True,3,3,normal,34,vinbigdata_subset_dicom_part_034.zip,package_manifest_validated_by_train_csv_and_dicom_inventory,True
94db14c4d9cc5b73cd4ccc12e94d566a,True,3,3,normal,34,vinbigdata_subset_dicom_part_034.zip,package_manifest_validated_by_train_csv_and_dicom_inventory,True
94fe218b2934a56f5c5e9dbbe7c3ab98,True,3,3,normal,34,vinbigdata_subset_dicom_part_034.zip,package_manifest_validated_by_train_csv_and_dicom_inventory,True
951f37f1a2b9eeda8687588d6c1395f0,True,3,3,normal,34,vinbigdata_subset_dicom_part_034.zip,package_manifest_validated_by_train_csv_and_dicom_inventory,True
9550a9bd0f5a9c89b096778dee669dfc,True,3,3,normal,34,vinbigdata_subset_dicom_part_034.zip,package_manifest_validated_by_train_csv_and_dicom_inventory,True
959cb0680fbb9779352b9e42feef7977,True,3,3,normal,34,vinbigdata_subset_dicom_part_034.zip,package_manifest_validated_by_train_csv_and_dicom_inventory,True
95b55a69ed71d956594f754e8071f64c,True,3,3,normal,34,vinbigdata_subset_dicom_part_034.zip,package_manifest_validated_by_train_csv_and_dicom_inventory,True
9639e6b5d6391d119e959a65b6733c24,True,3,3,normal,34,vinbigdata_subset_dicom_part_034.zip,package_manifest_validated_by_train_csv_and_dicom_inventory,True
9696f133b6337e31d8961638df6d89af,True,3,3,normal,34,vinbigdata_subset_dicom_part_034.zip,package_manifest_validated_by_train_csv_and_dicom_inventory,True
974de0b950075fe57ca6587571ff09c5,True,3,3,normal,34,vinbigdata_subset_dicom_part_034.zip,package_manifest_validated_by_train_csv_and_dicom_inventory,True
978aac9419e5145086523be16545e55a,True,3,3,normal,34,vinbigdata_subset_dicom_part_034.zip,package_manifest_validated_by_train_csv_and_dicom_inventory,True
99bac8deff3eb3beb9479e0c080940f7,True,3,3,normal,34,vinbigdata_subset_dicom_part_034.zip,package_manifest_validated_by_train_csv_and_dicom_inventory,True
9bc4efab79fda2c8d0c4fe352979d35f,True,3,3,normal,34,vinbigdata_subset_dicom_part_034.zip,package_manifest_validated_by_train_csv_and_dicom_inventory,True
9bc7f47f5e3d9cb135278aa09a42ff3a,True,3,3,normal,34,vinbigdata_subset_dicom_part_034.zip,package_manifest_validated_by_train_csv_and_dicom_inventory,True
9ccdadb18e6a8c9c2459768eaaa2893b,True,3,3,normal,34,vinbigdata_subset_dicom_part_034.zip,package_manifest_validated_by_train_csv_and_dicom_inventory,True
9d094c16cc0afb04940a651298d12dcc,True,3,3,normal,34,vinbigdata_subset_dicom_part_034.zip,package_manifest_validated_by_train_csv_and_dicom_inventory,True
9d25a49dcfd33a593605da5b2cecfe2b,True,3,3,normal,34,vinbigdata_subset_dicom_part_034.zip,package_manifest_validated_by_train_csv_and_dicom_inventory,True
9d42c5942895afd3391a8fb93a3991a8,True,3,3,normal,34,vinbigdata_subset_dicom_part_034.zip,package_manifest_validated_by_train_csv_and_dicom_inventory,True
9dba466530505c0992a5bb874ffc90ee,True,3,3,normal,34,vinbigdata_subset_dicom_part_034.zip,package_manifest_validated_by_train_csv_and_dicom_inventory,True
9dc06dc651df290e2f3cd30ac1513c7e,True,3,3,normal,34,vinbigdata_subset_dicom_part_034.zip,package_manifest_validated_by_train_csv_and_dicom_inventory,True
9e4494bb24faf76970a1116cda4da0fc,True,3,3,normal,34,vinbigdata_subset_dicom_part_034.zip,package_manifest_validated_by_train_csv_and_dicom_inventory,True
9e4f8b07c7cfc2e3be4481e8f3507108,True,3,3,normal,34,vinbigdata_subset_dicom_part_034.zip,package_manifest_validated_by_train_csv_and_dicom_inventory,True
9eb4fa8a29bcdd4fbede7c391589a42d,True,3,3,normal,34,vinbigdata_subset_dicom_part_034.zip,package_manifest_validated_by_train_csv_and_dicom_inventory,True
9f99a143df8874d1e5320ebbbae6040c,True,3,3,normal,34,vinbigdata_subset_dicom_part_034.zip,package_manifest_validated_by_train_csv_and_dicom_inventory,True
9fb8448d2d7ce8d93e129a16906074e3,True,3,3,normal,34,vinbigdata_subset_dicom_part_034.zip,package_manifest_validated_by_train_csv_and_dicom_inventory,True
9feaa80fe5166e87af68fcab302c7ae6,True,3,3,normal,34,vinbigdata_subset_dicom_part_034.zip,package_manifest_validated_by_train_csv_and_dicom_inventory,True
a083b9235a837f1f0171174a00ea538c,True,3,3,normal,34,vinbigdata_subset_dicom_part_034.zip,package_manifest_validated_by_train_csv_and_dicom_inventory,True
a18dee563cbdaa4a85594968f8678b84,True,3,3,normal,34,vinbigdata_subset_dicom_part_034.zip,package_manifest_validated_by_train_csv_and_dicom_inventory,True
a1af684b8e0ce8e5cd4223881451a5af,True,3,3,normal,34,vinbigdata_subset_dicom_part_034.zip,package_manifest_validated_by_train_csv_and_dicom_inventory,True
a1d1cbb23e3efdbbbcfccc03e9624356,True,3,3,normal,34,vinbigdata_subset_dicom_part_034.zip,package_manifest_validated_by_train_csv_and_dicom_inventory,True
a4ad3a5adfa6a22174acffb59997e1ee,True,3,3,normal,34,vinbigdata_subset_dicom_part_034.zip,package_manifest_validated_by_train_csv_and_dicom_inventory,True
a4bc2e88a21b0cc1bb3a7b6645c739f2,True,3,3,normal,34,vinbigdata_subset_dicom_part_034.zip,package_manifest_validated_by_train_csv_and_dicom_inventory,True
a52d6fa5d0fad69daf5cfadd32115bf1,True,3,3,normal,34,vinbigdata_subset_dicom_part_034.zip,package_manifest_validated_by_train_csv_and_dicom_inventory,True
a5ce7ccf65c0e89f0a4f31e252d5b071,True,3,3,normal,34,vinbigdata_subset_dicom_part_034.zip,package_manifest_validated_by_train_csv_and_dicom_inventory,True
a5dfcc60924b58142b382c753ef1c07e,True,3,3,normal,34,vinbigdata_subset_dicom_part_034.zip,package_manifest_validated_by_train_csv_and_dicom_inventory,True
a6317cca482e4c5e020ab5e4c94fe921,True,3,3,normal,34,vinbigdata_subset_dicom_part_034.zip,package_manifest_validated_by_train_csv_and_dicom_inventory,True
a655a71a3cddecea703e954e8e23cccc,True,3,3,normal,34,vinbigdata_subset_dicom_part_034.zip,package_manifest_validated_by_train_csv_and_dicom_inventory,True
a65b19420087f574983a8adec9906c16,True,3,3,normal,34,vinbigdata_subset_dicom_part_034.zip,package_manifest_validated_by_train_csv_and_dicom_inventory,True
a673256f7b975e11bf89dbb29f4565b9,True,3,3,normal,34,vinbigdata_subset_dicom_part_034.zip,package_manifest_validated_by_train_csv_and_dicom_inventory,True
a84fae30f42f9978cfd9fcaf91544792,True,3,3,normal,34,vinbigdata_subset_dicom_part_034.zip,package_manifest_validated_by_train_csv_and_dicom_inventory,True
a8887bae37bd218a89be7a6e2dc1499b,True,3,3,normal,34,vinbigdata_subset_dicom_part_034.zip,package_manifest_validated_by_train_csv_and_dicom_inventory,True
a90c09c0b59115253c982074694b3972,True,3,3,normal,34,vinbigdata_subset_dicom_part_034.zip,package_manifest_validated_by_train_csv_and_dicom_inventory,True
a9109d137db24859730111a8b8c3996a,True,3,3,normal,34,vinbigdata_subset_dicom_part_034.zip,package_manifest_validated_by_train_csv_and_dicom_inventory,True
a9833de8a15ca2840b3bf23d4f6226ef,True,3,3,normal,34,vinbigdata_subset_dicom_part_034.zip,package_manifest_validated_by_train_csv_and_dicom_inventory,True
a98bf3259fda4941663b88ff1efc7625,True,3,3,normal,34,vinbigdata_subset_dicom_part_034.zip,package_manifest_validated_by_train_csv_and_dicom_inventory,True
aac515fae9d93ada4abddab6b1118aae,True,3,3,normal,34,vinbigdata_subset_dicom_part_034.zip,package_manifest_validated_by_train_csv_and_dicom_inventory,True
aadca4c2d680af0c23325b0f16cedb97,True,3,3,normal,34,vinbigdata_subset_dicom_part_034.zip,package_manifest_validated_by_train_csv_and_dicom_inventory,True
ab719171f74e1469b2cb50645ff6b7c7,True,3,3,normal,34,vinbigdata_subset_dicom_part_034.zip,package_manifest_validated_by_train_csv_and_dicom_inventory,True
ab7c4fd74b4be8ccb135dad2ae7de2c3,True,3,3,normal,34,vinbigdata_subset_dicom_part_034.zip,package_manifest_validated_by_train_csv_and_dicom_inventory,True
ac023841616ad1f665c0ce60ba5ed7b5,True,3,3,normal,34,vinbigdata_subset_dicom_part_034.zip,package_manifest_validated_by_train_csv_and_dicom_inventory,True
ac0d5180cbac66eead6195728563d5e2,True,3,3,normal,34,vinbigdata_subset_dicom_part_034.zip,package_manifest_validated_by_train_csv_and_dicom_inventory,True
ad59955ebf23a15362787e6407e31deb,True,3,3,normal,34,vinbigdata_subset_dicom_part_034.zip,package_manifest_validated_by_train_csv_and_dicom_inventory,True
adc01b67d1d426c270e7d2f26bfa71ef,True,3,3,normal,34,vinbigdata_subset_dicom_part_034.zip,package_manifest_validated_by_train_csv_and_dicom_inventory,True
afd8ce1c8c525815a5f2709dcf072c70,True,3,3,normal,34,vinbigdata_subset_dicom_part_034.zip,package_manifest_validated_by_train_csv_and_dicom_inventory,True
b0065509f042f4a2ac97481b6c7c0dc5,True,3,3,normal,34,vinbigdata_subset_dicom_part_034.zip,package_manifest_validated_by_train_csv_and_dicom_inventory,True
b12b6c605dbf92119ae65310a7bc55d7,True,3,3,normal,34,vinbigdata_subset_dicom_part_034.zip,package_manifest_validated_by_train_csv_and_dicom_inventory,True
b1d7cd4432f36fc46d4e49f01def1cbe,True,3,3,normal,34,vinbigdata_subset_dicom_part_034.zip,package_manifest_validated_by_train_csv_and_dicom_inventory,True
b1f71b5ef16dce633e4033237b761cdf,True,3,3,normal,34,vinbigdata_subset_dicom_part_034.zip,package_manifest_validated_by_train_csv_and_dicom_inventory,True
b29294e12f7aacc8f31ffa0f13959c3a,True,3,3,normal,34,vinbigdata_subset_dicom_part_034.zip,package_manifest_validated_by_train_csv_and_dicom_inventory,True
b359c14158afff8ef7d00c59d2211ebc,True,3,3,normal,34,vinbigdata_subset_dicom_part_034.zip,package_manifest_validated_by_train_csv_and_dicom_inventory,True
b39a285d468234c4934c6d5489727fa2,True,3,3,normal,34,vinbigdata_subset_dicom_part_034.zip,package_manifest_validated_by_train_csv_and_dicom_inventory,True
b3cf4f7aab7e62964dd965e768178e32,True,3,3,normal,34,vinbigdata_subset_dicom_part_034.zip,package_manifest_validated_by_train_csv_and_dicom_inventory,True
b3f4af84fa71fe204eb105ce430deef3,True,3,3,normal,34,vinbigdata_subset_dicom_part_034.zip,package_manifest_validated_by_train_csv_and_dicom_inventory,True
b440269d96e31c7f99b7fd9bcf08eda3,True,3,3,normal,34,vinbigdata_subset_dicom_part_034.zip,package_manifest_validated_by_train_csv_and_dicom_inventory,True
b508112a2b015ec159ce926661b6b23a,True,3,3,normal,34,vinbigdata_subset_dicom_part_034.zip,package_manifest_validated_by_train_csv_and_dicom_inventory,True
b5351b37d8d3944228ff46e9cc7139a4,True,3,3,normal,34,vinbigdata_subset_dicom_part_034.zip,package_manifest_validated_by_train_csv_and_dicom_inventory,True
b6f4abe4d21f1e44827e26f640f626bc,True,3,3,normal,34,vinbigdata_subset_dicom_part_034.zip,package_manifest_validated_by_train_csv_and_dicom_inventory,True
b75075aceaa139ea4a971c652005c665,True,3,3,normal,34,vinbigdata_subset_dicom_part_034.zip,package_manifest_validated_by_train_csv_and_dicom_inventory,True
b8322e1a06179954c5b5f5ed05083c05,True,3,3,normal,34,vinbigdata_subset_dicom_part_034.zip,package_manifest_validated_by_train_csv_and_dicom_inventory,True
b90e929709147ef63dfebf74c0cbe454,True,3,3,normal,34,vinbigdata_subset_dicom_part_034.zip,package_manifest_validated_by_train_csv_and_dicom_inventory,True
b91b76bcb6e0b005ef98719bd719b488,True,3,3,normal,34,vinbigdata_subset_dicom_part_034.zip,package_manifest_validated_by_train_csv_and_dicom_inventory,True
ba0ee85ac58311c7f1413a3af2f3f7c7,True,3,3,normal,34,vinbigdata_subset_dicom_part_034.zip,package_manifest_validated_by_train_csv_and_dicom_inventory,True
baf56818e451ed175e7cbd7d94e01bb0,True,3,3,normal,34,vinbigdata_subset_dicom_part_034.zip,package_manifest_validated_by_train_csv_and_dicom_inventory,True
bce076b117178591a7dad5ab9296ba74,True,3,3,normal,34,vinbigdata_subset_dicom_part_034.zip,package_manifest_validated_by_train_csv_and_dicom_inventory,True
be869b141b0483aaa10e62ec407c0010,True,3,3,normal,34,vinbigdata_subset_dicom_part_034.zip,package_manifest_validated_by_train_csv_and_dicom_inventory,True
be9503d3b32da3ca2d06d6df8b1a997b,True,3,3,normal,34,vinbigdata_subset_dicom_part_034.zip,package_manifest_validated_by_train_csv_and_dicom_inventory,True
beb81be7f3b55d47fa70e7972c9dc9e1,True,3,3,normal,34,vinbigdata_subset_dicom_part_034.zip,package_manifest_validated_by_train_csv_and_dicom_inventory,True
bee99c179da019550328e64a55713d5e,True,3,3,normal,34,vinbigdata_subset_dicom_part_034.zip,package_manifest_validated_by_train_csv_and_dicom_inventory,True
bfbbb3c77f965726e05343efafb2eb86,True,3,3,normal,34,vinbigdata_subset_dicom_part_034.zip,package_manifest_validated_by_train_csv_and_dicom_inventory,True
bfd794933b6d06cc9e840ae7b90b1cbe,True,3,3,normal,34,vinbigdata_subset_dicom_part_034.zip,package_manifest_validated_by_train_csv_and_dicom_inventory,True
c1b56c6b38aa09f0f32f0605deb5a240,True,3,3,normal,34,vinbigdata_subset_dicom_part_034.zip,package_manifest_validated_by_train_csv_and_dicom_inventory,True
c41f9e2dd4f6b5524d93b3229085b26c,True,3,3,normal,34,vinbigdata_subset_dicom_part_034.zip,package_manifest_validated_by_train_csv_and_dicom_inventory,True
c47d248c49d70684d8638910c126ccae,True,3,3,normal,34,vinbigdata_subset_dicom_part_034.zip,package_manifest_validated_by_train_csv_and_dicom_inventory,True
c5b761d0fefbe5b1c05822a4df670c09,True,3,3,normal,34,vinbigdata_subset_dicom_part_034.zip,package_manifest_validated_by_train_csv_and_dicom_inventory,True
c6ada34016e7fdffbba5cbccc996e395,True,3,3,normal,34,vinbigdata_subset_dicom_part_034.zip,package_manifest_validated_by_train_csv_and_dicom_inventory,True
c6ae45cbd57420cf4937b9f9299a5667,True,3,3,normal,34,vinbigdata_subset_dicom_part_034.zip,package_manifest_validated_by_train_csv_and_dicom_inventory,True
c6fe78d03c9d12783f3451ad237351f4,True,3,3,normal,34,vinbigdata_subset_dicom_part_034.zip,package_manifest_validated_by_train_csv_and_dicom_inventory,True
c7629ae7a638c5892d90c49fd90401f0,True,3,3,normal,34,vinbigdata_subset_dicom_part_034.zip,package_manifest_validated_by_train_csv_and_dicom_inventory,True
c78a429b728a3b35c6e4b4a560dee407,True,3,3,normal,34,vinbigdata_subset_dicom_part_034.zip,package_manifest_validated_by_train_csv_and_dicom_inventory,True
c79916dc9b5b70cbd4138366358976a2,True,3,3,normal,34,vinbigdata_subset_dicom_part_034.zip,package_manifest_validated_by_train_csv_and_dicom_inventory,True
c837c5bfbeedca68690f51b2e07aaabd,True,3,3,normal,34,vinbigdata_subset_dicom_part_034.zip,package_manifest_validated_by_train_csv_and_dicom_inventory,True
c855e2fc7a8fea601a568f546e466d4b,True,3,3,normal,34,vinbigdata_subset_dicom_part_034.zip,package_manifest_validated_by_train_csv_and_dicom_inventory,True
c922a445f08f22058a4a979c5de23586,True,3,3,normal,34,vinbigdata_subset_dicom_part_034.zip,package_manifest_validated_by_train_csv_and_dicom_inventory,True
ca527d7c532ec5810f5b73ab2ff7170a,True,3,3,normal,34,vinbigdata_subset_dicom_part_034.zip,package_manifest_validated_by_train_csv_and_dicom_inventory,True
cbcb95889f621abbd2e9b46220267c98,True,3,3,normal,34,vinbigdata_subset_dicom_part_034.zip,package_manifest_validated_by_train_csv_and_dicom_inventory,True
cc9b6ee01a01702434ad789eef9432fb,True,3,3,normal,34,vinbigdata_subset_dicom_part_034.zip,package_manifest_validated_by_train_csv_and_dicom_inventory,True
cdc44f8510ed779fade14a506d2bbd8c,True,3,3,normal,34,vinbigdata_subset_dicom_part_034.zip,package_manifest_validated_by_train_csv_and_dicom_inventory,True
cfd708bfc4b35a7a4d6aabde5c0799ae,True,3,3,normal,34,vinbigdata_subset_dicom_part_034.zip,package_manifest_validated_by_train_csv_and_dicom_inventory,True
d07da8a9b93d7c684264ec8be14c0fe7,True,3,3,normal,34,vinbigdata_subset_dicom_part_034.zip,package_manifest_validated_by_train_csv_and_dicom_inventory,True
d08fe6d0819f1ca56bc29422f8d8a408,True,3,3,normal,34,vinbigdata_subset_dicom_part_034.zip,package_manifest_validated_by_train_csv_and_dicom_inventory,True
d0d9778108b9059fd91572f77ed96e51,True,3,3,normal,34,vinbigdata_subset_dicom_part_034.zip,package_manifest_validated_by_train_csv_and_dicom_inventory,True
d1192634c95b9018fe25890bf74d45ab,True,3,3,normal,34,vinbigdata_subset_dicom_part_034.zip,package_manifest_validated_by_train_csv_and_dicom_inventory,True
d1ee146b55af8b9cd84ec605a9aa36bd,True,3,3,normal,34,vinbigdata_subset_dicom_part_034.zip,package_manifest_validated_by_train_csv_and_dicom_inventory,True
d28f1f4fdbb37d98f802678fc174ff21,True,3,3,normal,34,vinbigdata_subset_dicom_part_034.zip,package_manifest_validated_by_train_csv_and_dicom_inventory,True
d32509da6cdeed96643392245b6ab8e8,True,3,3,normal,34,vinbigdata_subset_dicom_part_034.zip,package_manifest_validated_by_train_csv_and_dicom_inventory,True
d32677062d9b64918b27c648d2da50d1,True,3,3,normal,34,vinbigdata_subset_dicom_part_034.zip,package_manifest_validated_by_train_csv_and_dicom_inventory,True
d3627a59bdf97f89094cbcee823ba057,True,3,3,normal,34,vinbigdata_subset_dicom_part_034.zip,package_manifest_validated_by_train_csv_and_dicom_inventory,True
d39514e0a4ab55df4e5f6e0426aa8fed,True,3,3,normal,34,vinbigdata_subset_dicom_part_034.zip,package_manifest_validated_by_train_csv_and_dicom_inventory,True
d414a0d3435dd64628dd3b72e6ecd6be,True,3,3,normal,34,vinbigdata_subset_dicom_part_034.zip,package_manifest_validated_by_train_csv_and_dicom_inventory,True
d42c8cdbeea7094d8a3e4899742cdda0,True,3,3,normal,34,vinbigdata_subset_dicom_part_034.zip,package_manifest_validated_by_train_csv_and_dicom_inventory,True
d43960df26db044d6b9caa7e4ec2ac08,True,3,3,normal,34,vinbigdata_subset_dicom_part_034.zip,package_manifest_validated_by_train_csv_and_dicom_inventory,True
d439808cf55114c97c3b244c54e5ab34,True,3,3,normal,34,vinbigdata_subset_dicom_part_034.zip,package_manifest_validated_by_train_csv_and_dicom_inventory,True
d44b907ffbef18483e074eac9a4783dc,True,3,3,normal,34,vinbigdata_subset_dicom_part_034.zip,package_manifest_validated_by_train_csv_and_dicom_inventory,True
d4a8a32d495cd0d49ec8ad2eee3afa3e,True,3,3,normal,34,vinbigdata_subset_dicom_part_034.zip,package_manifest_validated_by_train_csv_and_dicom_inventory,True
d558629d10923b5a498508ac4b65f7d2,True,3,3,normal,34,vinbigdata_subset_dicom_part_034.zip,package_manifest_validated_by_train_csv_and_dicom_inventory,True
d59e8b41b1b2b15cd6a7ae3ec6882781,True,3,3,normal,34,vinbigdata_subset_dicom_part_034.zip,package_manifest_validated_by_train_csv_and_dicom_inventory,True
d630459c8036ef43b0fdb55625289101,True,3,3,normal,34,vinbigdata_subset_dicom_part_034.zip,package_manifest_validated_by_train_csv_and_dicom_inventory,True
d6599d989c75982e68a7f277ddf170ff,True,3,3,normal,34,vinbigdata_subset_dicom_part_034.zip,package_manifest_validated_by_train_csv_and_dicom_inventory,True
d661504676709e84d3075bb96462e7a5,True,3,3,normal,34,vinbigdata_subset_dicom_part_034.zip,package_manifest_validated_by_train_csv_and_dicom_inventory,True
d73add6550804e3da302f96e50e463af,True,3,3,normal,34,vinbigdata_subset_dicom_part_034.zip,package_manifest_validated_by_train_csv_and_dicom_inventory,True
d7b69078f953c292ffe719e864f53b21,True,3,3,normal,34,vinbigdata_subset_dicom_part_034.zip,package_manifest_validated_by_train_csv_and_dicom_inventory,True
d7fab14d2d4bb9d001b64f4fb59cee80,True,3,3,normal,34,vinbigdata_subset_dicom_part_034.zip,package_manifest_validated_by_train_csv_and_dicom_inventory,True
d888fbee05acda2b655ba4136c1958fa,True,3,3,normal,34,vinbigdata_subset_dicom_part_034.zip,package_manifest_validated_by_train_csv_and_dicom_inventory,True
d8a3fe9536afba5813aa8025506c810a,True,3,3,normal,35,vinbigdata_subset_dicom_part_035.zip,package_manifest_validated_by_train_csv_and_dicom_inventory,True
d8df1cd5564e9a9f4d72b17049d5d79e,True,3,3,normal,35,vinbigdata_subset_dicom_part_035.zip,package_manifest_validated_by_train_csv_and_dicom_inventory,True
d925309691e7929d905eaa42f081833f,True,3,3,normal,35,vinbigdata_subset_dicom_part_035.zip,package_manifest_validated_by_train_csv_and_dicom_inventory,True
d95da4b845c9eee6dbf93b1c27bd4dad,True,3,3,normal,35,vinbigdata_subset_dicom_part_035.zip,package_manifest_validated_by_train_csv_and_dicom_inventory,True
d9910b0b179e65a23b33b1ec0a8b4bb4,True,3,3,normal,35,vinbigdata_subset_dicom_part_035.zip,package_manifest_validated_by_train_csv_and_dicom_inventory,True
d997f71818df03dd9ba8d4214dcf1856,True,3,3,normal,35,vinbigdata_subset_dicom_part_035.zip,package_manifest_validated_by_train_csv_and_dicom_inventory,True
da080bbceada7f806710be3c22f34c48,True,3,3,normal,35,vinbigdata_subset_dicom_part_035.zip,package_manifest_validated_by_train_csv_and_dicom_inventory,True
daa38c68b720696d6d0c59fe690dc2a5,True,3,3,normal,35,vinbigdata_subset_dicom_part_035.zip,package_manifest_validated_by_train_csv_and_dicom_inventory,True
dbd95448052d2fd61f31da0c52f05845,True,3,3,normal,35,vinbigdata_subset_dicom_part_035.zip,package_manifest_validated_by_train_csv_and_dicom_inventory,True
dc50912f4b027506434b409550322d6c,True,3,3,normal,35,vinbigdata_subset_dicom_part_035.zip,package_manifest_validated_by_train_csv_and_dicom_inventory,True
dc67d031d4eba63b63da5e8da9ca965d,True,3,3,normal,35,vinbigdata_subset_dicom_part_035.zip,package_manifest_validated_by_train_csv_and_dicom_inventory,True
dc822ebcbb0cb4879d794f0f1bc3638d,True,3,3,normal,35,vinbigdata_subset_dicom_part_035.zip,package_manifest_validated_by_train_csv_and_dicom_inventory,True
dd375650caabb420aff92ee4a5d833df,True,3,3,normal,35,vinbigdata_subset_dicom_part_035.zip,package_manifest_validated_by_train_csv_and_dicom_inventory,True
ddc78bd83fc1feb6823701c803bc7f9a,True,3,3,normal,35,vinbigdata_subset_dicom_part_035.zip,package_manifest_validated_by_train_csv_and_dicom_inventory,True
de6d6efd88431d3253198106bb070471,True,3,3,normal,35,vinbigdata_subset_dicom_part_035.zip,package_manifest_validated_by_train_csv_and_dicom_inventory,True
de8c78afea91064bd977bb7092b99a63,True,3,3,normal,35,vinbigdata_subset_dicom_part_035.zip,package_manifest_validated_by_train_csv_and_dicom_inventory,True
df5aa1123fb533c8865b8eaf0bb9c5c8,True,3,3,normal,35,vinbigdata_subset_dicom_part_035.zip,package_manifest_validated_by_train_csv_and_dicom_inventory,True
df91d818a193e328405cf8a86ed530bb,True,3,3,normal,35,vinbigdata_subset_dicom_part_035.zip,package_manifest_validated_by_train_csv_and_dicom_inventory,True
e038a02993359e092b4b3432064c2ffb,True,3,3,normal,35,vinbigdata_subset_dicom_part_035.zip,package_manifest_validated_by_train_csv_and_dicom_inventory,True
e1c88be08dcb3f9baca7cb67c77fbcf9,True,3,3,normal,35,vinbigdata_subset_dicom_part_035.zip,package_manifest_validated_by_train_csv_and_dicom_inventory,True
e1e74a1b970197d2b8a236f4ddd8f3d5,True,3,3,normal,35,vinbigdata_subset_dicom_part_035.zip,package_manifest_validated_by_train_csv_and_dicom_inventory,True
e24bb429606e5f412625957e627a6fa3,True,3,3,normal,35,vinbigdata_subset_dicom_part_035.zip,package_manifest_validated_by_train_csv_and_dicom_inventory,True
e2d9292329797abcf80d3a8887a75fff,True,3,3,normal,35,vinbigdata_subset_dicom_part_035.zip,package_manifest_validated_by_train_csv_and_dicom_inventory,True
e2edea962c97f3290638096b4f27465f,True,3,3,normal,35,vinbigdata_subset_dicom_part_035.zip,package_manifest_validated_by_train_csv_and_dicom_inventory,True
e32bf14c4f6930efc80bfd4f4147ac0f,True,3,3,normal,35,vinbigdata_subset_dicom_part_035.zip,package_manifest_validated_by_train_csv_and_dicom_inventory,True
e3769a9e37c159ac96c5d2f155d1826c,True,3,3,normal,35,vinbigdata_subset_dicom_part_035.zip,package_manifest_validated_by_train_csv_and_dicom_inventory,True
e44c4522979ee8d8b50977b9af91db58,True,3,3,normal,35,vinbigdata_subset_dicom_part_035.zip,package_manifest_validated_by_train_csv_and_dicom_inventory,True
e4d552e0ccc55cd65ed27729e1be30d5,True,3,3,normal,35,vinbigdata_subset_dicom_part_035.zip,package_manifest_validated_by_train_csv_and_dicom_inventory,True
e4dec9c7cb04e431f5c3b41430030184,True,3,3,normal,35,vinbigdata_subset_dicom_part_035.zip,package_manifest_validated_by_train_csv_and_dicom_inventory,True
e53aa24d4f2f17891ca8a6e8dfc0d8e8,True,3,3,normal,35,vinbigdata_subset_dicom_part_035.zip,package_manifest_validated_by_train_csv_and_dicom_inventory,True
e563c35ddd67c5124a6787e474dfa319,True,3,3,normal,35,vinbigdata_subset_dicom_part_035.zip,package_manifest_validated_by_train_csv_and_dicom_inventory,True
e6d737cf8600e9b07168c04ca7541980,True,3,3,normal,35,vinbigdata_subset_dicom_part_035.zip,package_manifest_validated_by_train_csv_and_dicom_inventory,True
e6e114b28a55ec3e9ecac74c55167fef,True,3,3,normal,35,vinbigdata_subset_dicom_part_035.zip,package_manifest_validated_by_train_csv_and_dicom_inventory,True
e746ee7a622d991a0c02b55efe234fb9,True,3,3,normal,35,vinbigdata_subset_dicom_part_035.zip,package_manifest_validated_by_train_csv_and_dicom_inventory,True
e7dec1ffda66e9a315335afa8e961205,True,3,3,normal,35,vinbigdata_subset_dicom_part_035.zip,package_manifest_validated_by_train_csv_and_dicom_inventory,True
e98a76eaefca34840133986ed53cd210,True,3,3,normal,35,vinbigdata_subset_dicom_part_035.zip,package_manifest_validated_by_train_csv_and_dicom_inventory,True
e9bbeb5248b591a86ff636b9f0b68549,True,3,3,normal,35,vinbigdata_subset_dicom_part_035.zip,package_manifest_validated_by_train_csv_and_dicom_inventory,True
ea56b3455c844f324b8c9323ebf2ddb2,True,3,3,normal,35,vinbigdata_subset_dicom_part_035.zip,package_manifest_validated_by_train_csv_and_dicom_inventory,True
ea970ed46ada798de375a4be51f701c9,True,3,3,normal,35,vinbigdata_subset_dicom_part_035.zip,package_manifest_validated_by_train_csv_and_dicom_inventory,True
eab0be019f53390dbbb3225e86506c09,True,3,3,normal,35,vinbigdata_subset_dicom_part_035.zip,package_manifest_validated_by_train_csv_and_dicom_inventory,True
ebcf699a8c42843567184fb71f33160c,True,3,3,normal,35,vinbigdata_subset_dicom_part_035.zip,package_manifest_validated_by_train_csv_and_dicom_inventory,True
ed06295915b52f5fcc88e158ab0c7100,True,3,3,normal,35,vinbigdata_subset_dicom_part_035.zip,package_manifest_validated_by_train_csv_and_dicom_inventory,True
eda23140c7a820d76c89bc994768888d,True,3,3,normal,35,vinbigdata_subset_dicom_part_035.zip,package_manifest_validated_by_train_csv_and_dicom_inventory,True
ee1abdde3a0e65f9e0b832dfdbbea5de,True,3,3,normal,35,vinbigdata_subset_dicom_part_035.zip,package_manifest_validated_by_train_csv_and_dicom_inventory,True
eea2d38f25bbee2095457fff9b8b2200,True,3,3,normal,35,vinbigdata_subset_dicom_part_035.zip,package_manifest_validated_by_train_csv_and_dicom_inventory,True
eebe67275df5f83998a5fe7c147c81cc,True,3,3,normal,35,vinbigdata_subset_dicom_part_035.zip,package_manifest_validated_by_train_csv_and_dicom_inventory,True
eec404a6f4d2db9c179dbe4549de4fdb,True,3,3,normal,35,vinbigdata_subset_dicom_part_035.zip,package_manifest_validated_by_train_csv_and_dicom_inventory,True
ef9d2c00f3825adfdc8a574600d156d3,True,3,3,normal,35,vinbigdata_subset_dicom_part_035.zip,package_manifest_validated_by_train_csv_and_dicom_inventory,True
efb838879b6ee5f7d44b56ff592d83a4,True,3,3,normal,35,vinbigdata_subset_dicom_part_035.zip,package_manifest_validated_by_train_csv_and_dicom_inventory,True
f0adf7b51f3c26e565e1977c4b6c235a,True,3,3,normal,35,vinbigdata_subset_dicom_part_035.zip,package_manifest_validated_by_train_csv_and_dicom_inventory,True
f23603293e7a6bb7166cd493d2da2f77,True,3,3,normal,35,vinbigdata_subset_dicom_part_035.zip,package_manifest_validated_by_train_csv_and_dicom_inventory,True
f369ab97b45fdd8ac73e51af003ae854,True,3,3,normal,35,vinbigdata_subset_dicom_part_035.zip,package_manifest_validated_by_train_csv_and_dicom_inventory,True
f3a84940a5a63947852fd915062fed1d,True,3,3,normal,35,vinbigdata_subset_dicom_part_035.zip,package_manifest_validated_by_train_csv_and_dicom_inventory,True
f458843968166ba8c5af491035ce1651,True,3,3,normal,35,vinbigdata_subset_dicom_part_035.zip,package_manifest_validated_by_train_csv_and_dicom_inventory,True
f4976db55ec34ca21f36c218993ea7a2,True,3,3,normal,35,vinbigdata_subset_dicom_part_035.zip,package_manifest_validated_by_train_csv_and_dicom_inventory,True
f52ec4da5edc58fc2f93c00316c38fe7,True,3,3,normal,35,vinbigdata_subset_dicom_part_035.zip,package_manifest_validated_by_train_csv_and_dicom_inventory,True
f6178657260dafbe0088bf3bb12e95fd,True,3,3,normal,35,vinbigdata_subset_dicom_part_035.zip,package_manifest_validated_by_train_csv_and_dicom_inventory,True
f6ea8fd5566a3776bec64ec816a0eb31,True,3,3,normal,35,vinbigdata_subset_dicom_part_035.zip,package_manifest_validated_by_train_csv_and_dicom_inventory,True
f774dada729622b4f5e2e1c352169d77,True,3,3,normal,35,vinbigdata_subset_dicom_part_035.zip,package_manifest_validated_by_train_csv_and_dicom_inventory,True
f887788825f5004145c4b29efa89fbc6,True,3,3,normal,35,vinbigdata_subset_dicom_part_035.zip,package_manifest_validated_by_train_csv_and_dicom_inventory,True
f9e33b36ae582d27a5426d7e0692d128,True,3,3,normal,35,vinbigdata_subset_dicom_part_035.zip,package_manifest_validated_by_train_csv_and_dicom_inventory,True
f9e6958221cb9c50deaf7ce3e78b6bf4,True,3,3,normal,35,vinbigdata_subset_dicom_part_035.zip,package_manifest_validated_by_train_csv_and_dicom_inventory,True
fa1ffc0e890d0d6fa472f8abb1590b88,True,3,3,normal,35,vinbigdata_subset_dicom_part_035.zip,package_manifest_validated_by_train_csv_and_dicom_inventory,True
fa8a4206a96b99a55f7e8c84a1ec5892,True,3,3,normal,35,vinbigdata_subset_dicom_part_035.zip,package_manifest_validated_by_train_csv_and_dicom_inventory,True
fb14e1b207e0ee66ed2e3179323091a8,True,3,3,normal,35,vinbigdata_subset_dicom_part_035.zip,package_manifest_validated_by_train_csv_and_dicom_inventory,True
fc4363ebce3a4aaa7c7d8c4796221c16,True,3,3,normal,35,vinbigdata_subset_dicom_part_035.zip,package_manifest_validated_by_train_csv_and_dicom_inventory,True
fc63f0bc1c17a196a1985672fe91d660,True,3,3,normal,35,vinbigdata_subset_dicom_part_035.zip,package_manifest_validated_by_train_csv_and_dicom_inventory,True
fc9792581d7190c4b20c3e436e2d91bb,True,3,3,normal,35,vinbigdata_subset_dicom_part_035.zip,package_manifest_validated_by_train_csv_and_dicom_inventory,True
fd0101d5a41b3c0a8743502692690bdb,True,3,3,normal,35,vinbigdata_subset_dicom_part_035.zip,package_manifest_validated_by_train_csv_and_dicom_inventory,True
fd2892a3069f461f8a47e714b9b7f755,True,3,3,normal,35,vinbigdata_subset_dicom_part_035.zip,package_manifest_validated_by_train_csv_and_dicom_inventory,True
fdc0e4eaee26a9dd7bec404df5428612,True,3,3,normal,35,vinbigdata_subset_dicom_part_035.zip,package_manifest_validated_by_train_csv_and_dicom_inventory,True
ff177d5fef1586b58fc89b1bf9cc5095,True,3,3,normal,35,vinbigdata_subset_dicom_part_035.zip,package_manifest_validated_by_train_csv_and_dicom_inventory,True
ff612a13f0bf475515259b986735c4e4,True,3,3,normal,35,vinbigdata_subset_dicom_part_035.zip,package_manifest_validated_by_train_csv_and_dicom_inventory,True
