coco_image_id,canonical_image_id,original_image_id,file_name,source_is_negative,coco_annotation_count,zero_annotation_pass
6,5,00291f7aff0123ea76a59998effef229,train/00291f7aff0123ea76a59998effef229.dicom,True,0,True
8,7,004d2bc2111d639f5e8441ced52d55cb,train/004d2bc2111d639f5e8441ced52d55cb.dicom,True,0,True
14,13,00a9f697d85a506d5b281f588addce4e,train/00a9f697d85a506d5b281f588addce4e.dicom,True,0,True
17,16,00e25f831ccd21bd41b558cfccbf1be7,train/00e25f831ccd21bd41b558cfccbf1be7.dicom,True,0,True
29,28,015d74d7d2667a9b93b8909283af38c8,train/015d74d7d2667a9b93b8909283af38c8.dicom,True,0,True
33,32,01892129d76aaa1f59d4b22df8a14c0b,train/01892129d76aaa1f59d4b22df8a14c0b.dicom,True,0,True
60,59,02cbfa27d9e4b1d8c279932cd82e0730,train/02cbfa27d9e4b1d8c279932cd82e0730.dicom,True,0,True
66,65,032111ac5bb2e0cbb9a22745a77eef8f,train/032111ac5bb2e0cbb9a22745a77eef8f.dicom,True,0,True
74,73,036161ca6aa4daa43cc3bc55602e8960,train/036161ca6aa4daa43cc3bc55602e8960.dicom,True,0,True
88,87,041664dfb960a15686d7e9c4c7b4fd73,train/041664dfb960a15686d7e9c4c7b4fd73.dicom,True,0,True
90,89,0424e80c4f0cae6ea9e65efeed75d5d0,train/0424e80c4f0cae6ea9e65efeed75d5d0.dicom,True,0,True
105,104,04e78baf5f049a01b6b4f9a14f0b7c78,train/04e78baf5f049a01b6b4f9a14f0b7c78.dicom,True,0,True
132,131,063319de25ce7edb9b1c6b8881290140,train/063319de25ce7edb9b1c6b8881290140.dicom,True,0,True
160,159,07e5378ad3928091c08dded1f6b5353d,train/07e5378ad3928091c08dded1f6b5353d.dicom,True,0,True
168,167,089a1c26766c10e2d8c4cdb86ed769dc,train/089a1c26766c10e2d8c4cdb86ed769dc.dicom,True,0,True
188,187,09ebaedff630f8fa4d5d752f0beb34f2,train/09ebaedff630f8fa4d5d752f0beb34f2.dicom,True,0,True
202,201,0a475ad0b37bba0c638bbbe2ee5d355d,train/0a475ad0b37bba0c638bbbe2ee5d355d.dicom,True,0,True
207,206,0a695a94168b32705b91779586c6b2e7,train/0a695a94168b32705b91779586c6b2e7.dicom,True,0,True
213,212,0ad98c531de3616cc63a92d6cf871494,train/0ad98c531de3616cc63a92d6cf871494.dicom,True,0,True
217,216,0b36cce0b170c34b8c11fd15b42324b2,train/0b36cce0b170c34b8c11fd15b42324b2.dicom,True,0,True
239,238,0c4a6bc602d1d207f217212c68a7131b,train/0c4a6bc602d1d207f217212c68a7131b.dicom,True,0,True
252,251,0cd291c189895fbdcc14f4d36e1abc81,train/0cd291c189895fbdcc14f4d36e1abc81.dicom,True,0,True
255,254,0cf8dd905fb4f2f876eb241bf67add40,train/0cf8dd905fb4f2f876eb241bf67add40.dicom,True,0,True
259,258,0d0e4dbe84356f8ec4a4ff7616b4850f,train/0d0e4dbe84356f8ec4a4ff7616b4850f.dicom,True,0,True
288,287,0ec4947d689af2a94cc913b312368279,train/0ec4947d689af2a94cc913b312368279.dicom,True,0,True
302,301,0f8a78e1090c840b4455772fe92d7586,train/0f8a78e1090c840b4455772fe92d7586.dicom,True,0,True
304,303,0fb6d9a425117670ba7c249b35523434,train/0fb6d9a425117670ba7c249b35523434.dicom,True,0,True
308,307,101d984c4172312c93efdd42e37e203b,train/101d984c4172312c93efdd42e37e203b.dicom,True,0,True
309,308,101f2420808891cab10b4b2f0c1d2875,train/101f2420808891cab10b4b2f0c1d2875.dicom,True,0,True
318,317,107d7671377160a4a5d708849ed5d331,train/107d7671377160a4a5d708849ed5d331.dicom,True,0,True
327,326,112db7d495906f3358852756a87a4bbf,train/112db7d495906f3358852756a87a4bbf.dicom,True,0,True
339,338,11b47878746ba8728eda0f9eed048639,train/11b47878746ba8728eda0f9eed048639.dicom,True,0,True
340,339,11cfa1a5b04bd1eaa319d08cdb308bb9,train/11cfa1a5b04bd1eaa319d08cdb308bb9.dicom,True,0,True
353,352,12735a3e6ae44fe59babe2a618dbc450,train/12735a3e6ae44fe59babe2a618dbc450.dicom,True,0,True
368,367,13183cb48b0aae02e88c3f45547d393a,train/13183cb48b0aae02e88c3f45547d393a.dicom,True,0,True
382,381,144e272e04daf6ac8d36548ea766da37,train/144e272e04daf6ac8d36548ea766da37.dicom,True,0,True
391,390,14783d2f57f9c689d827892bbe112cb8,train/14783d2f57f9c689d827892bbe112cb8.dicom,True,0,True
392,391,14877acfaf8e3b25d9f089e15887c20d,train/14877acfaf8e3b25d9f089e15887c20d.dicom,True,0,True
417,416,15f016248709de49e2b725bda5cdd787,train/15f016248709de49e2b725bda5cdd787.dicom,True,0,True
428,427,1688c69504b9fd2179225d4b03e677c0,train/1688c69504b9fd2179225d4b03e677c0.dicom,True,0,True
438,437,171c5e2bbf7f95d2fb60a8bd81dc9d37,train/171c5e2bbf7f95d2fb60a8bd81dc9d37.dicom,True,0,True
444,443,1734a9172a7aa8106b1f32bf7b280e28,train/1734a9172a7aa8106b1f32bf7b280e28.dicom,True,0,True
450,449,179c892993a09dd56d4d09be53489d74,train/179c892993a09dd56d4d09be53489d74.dicom,True,0,True
455,454,17c2cd33dd23c4ae46c9738e3c346531,train/17c2cd33dd23c4ae46c9738e3c346531.dicom,True,0,True
456,455,17c980696d1aa513ab00665f1eff7bd6,train/17c980696d1aa513ab00665f1eff7bd6.dicom,True,0,True
459,458,17eea018beec6ef78ec675919080e6a1,train/17eea018beec6ef78ec675919080e6a1.dicom,True,0,True
472,471,18ca65f3991cd9e0339abe5d0dcdfc71,train/18ca65f3991cd9e0339abe5d0dcdfc71.dicom,True,0,True
476,475,18ee5156937f823acee35e15110c6521,train/18ee5156937f823acee35e15110c6521.dicom,True,0,True
489,488,19c193dfd9cd25eaaed6196a21ccafda,train/19c193dfd9cd25eaaed6196a21ccafda.dicom,True,0,True
491,490,19f915a7d8d00addb6a4846e623b4bfc,train/19f915a7d8d00addb6a4846e623b4bfc.dicom,True,0,True
504,503,1ac82901d20fd381f9aee67859846cef,train/1ac82901d20fd381f9aee67859846cef.dicom,True,0,True
517,516,1b4daa200fc8f2a3c792ca61b7c8857d,train/1b4daa200fc8f2a3c792ca61b7c8857d.dicom,True,0,True
524,523,1b95d6b2be1f6e89e865704024d1944b,train/1b95d6b2be1f6e89e865704024d1944b.dicom,True,0,True
529,528,1bcf6203521944e6222a000fec9fab38,train/1bcf6203521944e6222a000fec9fab38.dicom,True,0,True
531,530,1bf0c30ec9cf3abe34938787e5f9fc28,train/1bf0c30ec9cf3abe34938787e5f9fc28.dicom,True,0,True
536,535,1c291f2d783a88bb29d4f0973d820cb0,train/1c291f2d783a88bb29d4f0973d820cb0.dicom,True,0,True
539,538,1c3e88d7eb1849e80d109ab2f059a2e1,train/1c3e88d7eb1849e80d109ab2f059a2e1.dicom,True,0,True
544,543,1c62f00b3228d2e131a84d1889e213cc,train/1c62f00b3228d2e131a84d1889e213cc.dicom,True,0,True
545,544,1c9e6dbfe347fb693c6c9e0cd82113c8,train/1c9e6dbfe347fb693c6c9e0cd82113c8.dicom,True,0,True
550,549,1cfebd799d9854a50bfa74e0271f358e,train/1cfebd799d9854a50bfa74e0271f358e.dicom,True,0,True
552,551,1d170ae6d3f174b88d55b7a44e1b8963,train/1d170ae6d3f174b88d55b7a44e1b8963.dicom,True,0,True
560,559,1d63eea24a9f69bc17f1da7af4ffa19a,train/1d63eea24a9f69bc17f1da7af4ffa19a.dicom,True,0,True
567,566,1dbb725a05c9543e9bd2593ac079f970,train/1dbb725a05c9543e9bd2593ac079f970.dicom,True,0,True
573,572,1e0186710c1b727da188c139c83a820b,train/1e0186710c1b727da188c139c83a820b.dicom,True,0,True
594,593,1f13fb95804f83251401097b2bb4aacf,train/1f13fb95804f83251401097b2bb4aacf.dicom,True,0,True
596,595,1f1b451ebe38481d18a61961c9435a64,train/1f1b451ebe38481d18a61961c9435a64.dicom,True,0,True
609,608,2033bbf90fa9b91519bac29eb334673a,train/2033bbf90fa9b91519bac29eb334673a.dicom,True,0,True
610,609,20374abc6a6d82a106212cddd740a99c,train/20374abc6a6d82a106212cddd740a99c.dicom,True,0,True
614,613,2077dfb717706d5ce9a373f1672e869c,train/2077dfb717706d5ce9a373f1672e869c.dicom,True,0,True
616,615,2094cd7cf01e7e283818e836115596c4,train/2094cd7cf01e7e283818e836115596c4.dicom,True,0,True
625,624,2139901070c5471f0e289e216bc90198,train/2139901070c5471f0e289e216bc90198.dicom,True,0,True
660,659,2300d60e735d646de5632275313f9c95,train/2300d60e735d646de5632275313f9c95.dicom,True,0,True
669,668,23ada7eb0d82a360190e77da2edfcf8f,train/23ada7eb0d82a360190e77da2edfcf8f.dicom,True,0,True
705,704,2550db13e3e4174fb2980fbc965c4856,train/2550db13e3e4174fb2980fbc965c4856.dicom,True,0,True
719,718,25e47d32d64f7f416d6fb1bf497b4b1a,train/25e47d32d64f7f416d6fb1bf497b4b1a.dicom,True,0,True
725,724,26045d6e5c9397d08825496593fbc291,train/26045d6e5c9397d08825496593fbc291.dicom,True,0,True
726,725,262cd3e70a033d61a7236aa971be339a,train/262cd3e70a033d61a7236aa971be339a.dicom,True,0,True
727,726,264fdebe57965c3292ce07c7b4be8c39,train/264fdebe57965c3292ce07c7b4be8c39.dicom,True,0,True
734,733,267e7d6c78b3bc498461b69668eb44f8,train/267e7d6c78b3bc498461b69668eb44f8.dicom,True,0,True
753,752,2752b250ca52cd0afe8b4b980e82310b,train/2752b250ca52cd0afe8b4b980e82310b.dicom,True,0,True
754,753,27689b23167e89e1142f6fa265921a3a,train/27689b23167e89e1142f6fa265921a3a.dicom,True,0,True
766,765,27e1d29f27cfe7f88225f4660e75615e,train/27e1d29f27cfe7f88225f4660e75615e.dicom,True,0,True
769,768,27eeacb2cf6ea95a95e0c60a914d45a3,train/27eeacb2cf6ea95a95e0c60a914d45a3.dicom,True,0,True
780,779,2877640e69c0276243177a341ed74742,train/2877640e69c0276243177a341ed74742.dicom,True,0,True
784,783,28c18bf8fcb6c11c5fbc7c00d9f5bacc,train/28c18bf8fcb6c11c5fbc7c00d9f5bacc.dicom,True,0,True
790,789,294c1b068fb6ecfd27f5106e744ddb4b,train/294c1b068fb6ecfd27f5106e744ddb4b.dicom,True,0,True
792,791,2988c0540fad8e078a609d7672525d5a,train/2988c0540fad8e078a609d7672525d5a.dicom,True,0,True
797,796,29cf3341c2f0195c0faddcf2e640045b,train/29cf3341c2f0195c0faddcf2e640045b.dicom,True,0,True
807,806,2a3cc19a099f06f80007cceb75d43bf0,train/2a3cc19a099f06f80007cceb75d43bf0.dicom,True,0,True
827,826,2b55e75bee255de5460976f84d18b76f,train/2b55e75bee255de5460976f84d18b76f.dicom,True,0,True
833,832,2b8cead1c95f1a83f7ea7f7b92f398e4,train/2b8cead1c95f1a83f7ea7f7b92f398e4.dicom,True,0,True
843,842,2c0ecdf04ffe35c6031fe2ae2b3a36f4,train/2c0ecdf04ffe35c6031fe2ae2b3a36f4.dicom,True,0,True
844,843,2c2551cc5f69dc282a7dea8202492a85,train/2c2551cc5f69dc282a7dea8202492a85.dicom,True,0,True
850,849,2c6c48665c4d007b795cbcb57da481bd,train/2c6c48665c4d007b795cbcb57da481bd.dicom,True,0,True
852,851,2c7fbcdc37fba555a38a39db3d9e41a5,train/2c7fbcdc37fba555a38a39db3d9e41a5.dicom,True,0,True
868,867,2d40e0cc7dca11e4b2d8574532096c31,train/2d40e0cc7dca11e4b2d8574532096c31.dicom,True,0,True
870,869,2d5241a2f2800671da3f56606fe86d60,train/2d5241a2f2800671da3f56606fe86d60.dicom,True,0,True
875,874,2d6d1b01427ec2acbdbc2149559585fa,train/2d6d1b01427ec2acbdbc2149559585fa.dicom,True,0,True
891,890,2e4419b8c1f923cff2781be045f4e0d5,train/2e4419b8c1f923cff2781be045f4e0d5.dicom,True,0,True
897,896,2e968b23fc1bc1150bf1943e1b53b031,train/2e968b23fc1bc1150bf1943e1b53b031.dicom,True,0,True
898,897,2e9caf35e4c86be7006e6588b6e56985,train/2e9caf35e4c86be7006e6588b6e56985.dicom,True,0,True
900,899,2ea80a706ffc413d3c8d8c666e869c43,train/2ea80a706ffc413d3c8d8c666e869c43.dicom,True,0,True
929,928,30466896de60f54644199811cfb542f1,train/30466896de60f54644199811cfb542f1.dicom,True,0,True
936,935,3095cc822fe5a15e277499c62b74d58e,train/3095cc822fe5a15e277499c62b74d58e.dicom,True,0,True
978,977,321f7e75a35ff3b3cb8a4cfb0ab266c2,train/321f7e75a35ff3b3cb8a4cfb0ab266c2.dicom,True,0,True
980,979,322c95c6c1933b38440b167705248747,train/322c95c6c1933b38440b167705248747.dicom,True,0,True
986,985,32712661995a66ff7b5193dd351ce5d3,train/32712661995a66ff7b5193dd351ce5d3.dicom,True,0,True
992,991,32d7d0b779485be0f92e8ef0f90cccdf,train/32d7d0b779485be0f92e8ef0f90cccdf.dicom,True,0,True
995,994,32f643fbd7e99181193edf3720888743,train/32f643fbd7e99181193edf3720888743.dicom,True,0,True
1009,1008,3378210c38d195ff5a7e3b612cded052,train/3378210c38d195ff5a7e3b612cded052.dicom,True,0,True
1024,1023,345eb9bedef2fdd0d6d16380ca43005e,train/345eb9bedef2fdd0d6d16380ca43005e.dicom,True,0,True
1025,1024,3460c8020f8edd51b37ebc33f350d914,train/3460c8020f8edd51b37ebc33f350d914.dicom,True,0,True
1034,1033,34df7bfc75ed0a71f5fea716bdb421f8,train/34df7bfc75ed0a71f5fea716bdb421f8.dicom,True,0,True
1036,1035,34e635f644f6d4853776e2d74357b239,train/34e635f644f6d4853776e2d74357b239.dicom,True,0,True
1051,1050,35815525d36333e4253234cc83fd666c,train/35815525d36333e4253234cc83fd666c.dicom,True,0,True
1082,1081,372dfcb677a2d0799d2f6e14d2177f1a,train/372dfcb677a2d0799d2f6e14d2177f1a.dicom,True,0,True
1085,1084,378c7f385c547e5e7dc632510939a551,train/378c7f385c547e5e7dc632510939a551.dicom,True,0,True
1090,1089,379f083410e64a2fb74761b795bd0a41,train/379f083410e64a2fb74761b795bd0a41.dicom,True,0,True
1095,1094,37d313251f4a6ca33fc7e428389cb9c1,train/37d313251f4a6ca33fc7e428389cb9c1.dicom,True,0,True
1114,1113,38d7d44f0a3b6c7129851d7ec6d9c001,train/38d7d44f0a3b6c7129851d7ec6d9c001.dicom,True,0,True
1152,1151,3b100a95644ac8ab01f261f2edd6f5e2,train/3b100a95644ac8ab01f261f2edd6f5e2.dicom,True,0,True
1160,1159,3b7f1edb2129713f1ddd570c48d6ace1,train/3b7f1edb2129713f1ddd570c48d6ace1.dicom,True,0,True
1195,1194,3d3781571117f65ceac27dfbf2979b21,train/3d3781571117f65ceac27dfbf2979b21.dicom,True,0,True
1203,1202,3dc3da07371be408d6313bd5d04bceec,train/3dc3da07371be408d6313bd5d04bceec.dicom,True,0,True
1204,1203,3dd04efbb7f8f0e2757e8e588350f8e0,train/3dd04efbb7f8f0e2757e8e588350f8e0.dicom,True,0,True
1211,1210,3e2c52e066e6bc9e28a58d7f13c64296,train/3e2c52e066e6bc9e28a58d7f13c64296.dicom,True,0,True
1213,1212,3e300793e970e7916c36a57fe350f688,train/3e300793e970e7916c36a57fe350f688.dicom,True,0,True
1229,1228,3ee9f520c0a31c20b9851fb79dccec09,train/3ee9f520c0a31c20b9851fb79dccec09.dicom,True,0,True
1230,1229,3ef799c210c419c0319cd2555eaa3abe,train/3ef799c210c419c0319cd2555eaa3abe.dicom,True,0,True
1233,1232,3f1c30152e33358e5830f3b59bd0c41d,train/3f1c30152e33358e5830f3b59bd0c41d.dicom,True,0,True
1242,1241,3fb03f39fb2232e19b6de537731aa5ad,train/3fb03f39fb2232e19b6de537731aa5ad.dicom,True,0,True
1243,1242,3fbf5ad0dc91fdb688ec53aceaa2bcac,train/3fbf5ad0dc91fdb688ec53aceaa2bcac.dicom,True,0,True
1251,1250,3fea0b91a09533ea4c546cb1e49b8234,train/3fea0b91a09533ea4c546cb1e49b8234.dicom,True,0,True
1271,1270,40b9a833fd7bc494e9803286d9349ca6,train/40b9a833fd7bc494e9803286d9349ca6.dicom,True,0,True
1272,1271,40c5bb0fb2daacf73f49b8cdfc278a27,train/40c5bb0fb2daacf73f49b8cdfc278a27.dicom,True,0,True
1280,1279,412fc134e3193cefce521a751c3b254f,train/412fc134e3193cefce521a751c3b254f.dicom,True,0,True
1283,1282,413a167473cba4db44ee7be8359d1546,train/413a167473cba4db44ee7be8359d1546.dicom,True,0,True
1290,1289,418f63372f9d6d1e2e37dcfb466d6740,train/418f63372f9d6d1e2e37dcfb466d6740.dicom,True,0,True
1301,1300,4203ea234a2b4f10be4bd90cddc64347,train/4203ea234a2b4f10be4bd90cddc64347.dicom,True,0,True
1306,1305,4248a80a016d3bb7c12544e32d97330f,train/4248a80a016d3bb7c12544e32d97330f.dicom,True,0,True
1312,1311,427f538105c4b3e67683731e4cb6eacf,train/427f538105c4b3e67683731e4cb6eacf.dicom,True,0,True
1342,1341,4479ab54ba10a7609e2baaf28f04a5cb,train/4479ab54ba10a7609e2baaf28f04a5cb.dicom,True,0,True
1360,1359,45be6be8ef7817787b00be04c6fd5286,train/45be6be8ef7817787b00be04c6fd5286.dicom,True,0,True
1369,1368,46b92bf299d677ff131e33dc85a5b8f2,train/46b92bf299d677ff131e33dc85a5b8f2.dicom,True,0,True
1380,1379,473e37c62215eca1498bf0584e59b69a,train/473e37c62215eca1498bf0584e59b69a.dicom,True,0,True
1382,1381,474bbe6ff1f8b29f0e274dc459d95f70,train/474bbe6ff1f8b29f0e274dc459d95f70.dicom,True,0,True
1388,1387,479f688143635e866da68da5dcd88efc,train/479f688143635e866da68da5dcd88efc.dicom,True,0,True
1413,1412,491c13b1c12bb702181d4795d3dd5083,train/491c13b1c12bb702181d4795d3dd5083.dicom,True,0,True
1435,1434,4a67efd541f3149e52fc543a33abd332,train/4a67efd541f3149e52fc543a33abd332.dicom,True,0,True
1458,1457,4befb68953c8c713258a3e676d3df30d,train/4befb68953c8c713258a3e676d3df30d.dicom,True,0,True
1459,1458,4bfa2fa5fbcaf56ac690ad40fd74b260,train/4bfa2fa5fbcaf56ac690ad40fd74b260.dicom,True,0,True
1463,1462,4c127b111ebdba8c59de22a06ca00a7f,train/4c127b111ebdba8c59de22a06ca00a7f.dicom,True,0,True
1465,1464,4c27e9e5e1f0eccd8fbda6137e6d29d3,train/4c27e9e5e1f0eccd8fbda6137e6d29d3.dicom,True,0,True
1476,1475,4cd6ce29c3b6bab1f3f23509644cd626,train/4cd6ce29c3b6bab1f3f23509644cd626.dicom,True,0,True
1477,1476,4cdc062257b3f9570bef2afe986605a8,train/4cdc062257b3f9570bef2afe986605a8.dicom,True,0,True
1480,1479,4cfcd0c0e7dcd3236b98e3361af8b324,train/4cfcd0c0e7dcd3236b98e3361af8b324.dicom,True,0,True
1484,1483,4d382aae3f8589c113589533ffdb3545,train/4d382aae3f8589c113589533ffdb3545.dicom,True,0,True
1516,1515,4ed68446e699393eee15c57b87ab6f14,train/4ed68446e699393eee15c57b87ab6f14.dicom,True,0,True
1526,1525,4f85a3489a50abf87136c4544ce8b2ba,train/4f85a3489a50abf87136c4544ce8b2ba.dicom,True,0,True
1527,1526,4f88ef0610cf30530d9492bf9980ffdd,train/4f88ef0610cf30530d9492bf9980ffdd.dicom,True,0,True
1529,1528,4fb8b42ce575d32e3bc864ac4b72b46f,train/4fb8b42ce575d32e3bc864ac4b72b46f.dicom,True,0,True
1536,1535,503b8d4fecc9a637a1bb1f088d66b496,train/503b8d4fecc9a637a1bb1f088d66b496.dicom,True,0,True
1553,1552,512e7a3cb8427dccc274f5425a3121dd,train/512e7a3cb8427dccc274f5425a3121dd.dicom,True,0,True
1563,1562,5186303faebc722fd30549bffab17d28,train/5186303faebc722fd30549bffab17d28.dicom,True,0,True
1601,1600,53c5f82af2582e61a0d2c47c851cc246,train/53c5f82af2582e61a0d2c47c851cc246.dicom,True,0,True
1607,1606,53f24abf8ff03943c9a413462606cb39,train/53f24abf8ff03943c9a413462606cb39.dicom,True,0,True
1609,1608,53fd81f25545667511f292625f390087,train/53fd81f25545667511f292625f390087.dicom,True,0,True
1612,1611,542f4583f097667ad5f691085f1da789,train/542f4583f097667ad5f691085f1da789.dicom,True,0,True
1619,1618,54573b0df6208b2a4b53c2c9c079e1b3,train/54573b0df6208b2a4b53c2c9c079e1b3.dicom,True,0,True
1624,1623,548bf08ac3fb4268aec314b42911af13,train/548bf08ac3fb4268aec314b42911af13.dicom,True,0,True
1627,1626,54c29330c2acd1a534ee949951b7f649,train/54c29330c2acd1a534ee949951b7f649.dicom,True,0,True
1633,1632,54faa310d699dd7d3318ed5e786638ce,train/54faa310d699dd7d3318ed5e786638ce.dicom,True,0,True
1639,1638,55502b1d1bf95606ecfb0abb4f1fdd98,train/55502b1d1bf95606ecfb0abb4f1fdd98.dicom,True,0,True
1642,1641,557e3236337cc0a98613a715ab9cde44,train/557e3236337cc0a98613a715ab9cde44.dicom,True,0,True
1647,1646,55e6279aac033f9a68822a4f84d765fc,train/55e6279aac033f9a68822a4f84d765fc.dicom,True,0,True
1658,1657,56aac20ce11355082ffffb3d77bd6824,train/56aac20ce11355082ffffb3d77bd6824.dicom,True,0,True
1667,1666,570b01357f936d484c60c80de7c74b86,train/570b01357f936d484c60c80de7c74b86.dicom,True,0,True
1676,1675,575c1973c2d617658508d18d94bc2ffa,train/575c1973c2d617658508d18d94bc2ffa.dicom,True,0,True
1678,1677,577807f1ee94692b516b0b184b89ab35,train/577807f1ee94692b516b0b184b89ab35.dicom,True,0,True
1686,1685,57c9ecc9749eb1860f37a308d0b284ec,train/57c9ecc9749eb1860f37a308d0b284ec.dicom,True,0,True
1691,1690,57ea8252280fae29b410732f1f84bbae,train/57ea8252280fae29b410732f1f84bbae.dicom,True,0,True
1694,1693,587be2890ac536488d3c32debc1c215f,train/587be2890ac536488d3c32debc1c215f.dicom,True,0,True
1697,1696,589b16dad117199798d05ca550dfcd5e,train/589b16dad117199798d05ca550dfcd5e.dicom,True,0,True
1700,1699,58bfe68d45f17aae1f4ffb9b5db6d6f8,train/58bfe68d45f17aae1f4ffb9b5db6d6f8.dicom,True,0,True
1708,1707,5935605beb0f08caeb9ff4481157c520,train/5935605beb0f08caeb9ff4481157c520.dicom,True,0,True
1731,1730,5a8b04bbb49b5883741d4b183182c661,train/5a8b04bbb49b5883741d4b183182c661.dicom,True,0,True
1733,1732,5a9e67c8d1782a1a1068ba62dc2e34f6,train/5a9e67c8d1782a1a1068ba62dc2e34f6.dicom,True,0,True
1736,1735,5af7ba3901d0937dea00f84257c5c8c2,train/5af7ba3901d0937dea00f84257c5c8c2.dicom,True,0,True
1738,1737,5afdc4e7edfdefd26c0c8381ac79b358,train/5afdc4e7edfdefd26c0c8381ac79b358.dicom,True,0,True
1749,1748,5b6ac2868f30a56ee492348f8da40211,train/5b6ac2868f30a56ee492348f8da40211.dicom,True,0,True
1766,1765,5c6a7334ef6de11f55adff603734e4ea,train/5c6a7334ef6de11f55adff603734e4ea.dicom,True,0,True
1770,1769,5c87991b2ad944d1a17e2e5b6a09f156,train/5c87991b2ad944d1a17e2e5b6a09f156.dicom,True,0,True
1780,1779,5d4a7daa7e70085f6e5489fff404c1e9,train/5d4a7daa7e70085f6e5489fff404c1e9.dicom,True,0,True
1791,1790,5dcc50d9eb1c4959a2a0dbdf2845ffc3,train/5dcc50d9eb1c4959a2a0dbdf2845ffc3.dicom,True,0,True
1794,1793,5df359e160b87cd0d9f496a1e6648b1f,train/5df359e160b87cd0d9f496a1e6648b1f.dicom,True,0,True
1799,1798,5e3fbd3cf75a49590a141e5aa5572137,train/5e3fbd3cf75a49590a141e5aa5572137.dicom,True,0,True
1802,1801,5e808e9cbcb8cb66f3c798e9e5ea4e03,train/5e808e9cbcb8cb66f3c798e9e5ea4e03.dicom,True,0,True
1807,1806,5eb3f5cb8e18778cad831a75d0e74d95,train/5eb3f5cb8e18778cad831a75d0e74d95.dicom,True,0,True
1816,1815,5f7b80742cd833dcb52b3f2de3de412f,train/5f7b80742cd833dcb52b3f2de3de412f.dicom,True,0,True
1831,1830,604ce8a56fd0539880b17f999ad10468,train/604ce8a56fd0539880b17f999ad10468.dicom,True,0,True
1844,1843,60e641e62376dc3cfa71299033535b40,train/60e641e62376dc3cfa71299033535b40.dicom,True,0,True
1854,1853,6145c49011a33ec5d61866a3a7085f33,train/6145c49011a33ec5d61866a3a7085f33.dicom,True,0,True
1856,1855,614e79f6a2879432b2af4287d954f98f,train/614e79f6a2879432b2af4287d954f98f.dicom,True,0,True
1864,1863,61e0b38cea96d57adb044ac496e556ff,train/61e0b38cea96d57adb044ac496e556ff.dicom,True,0,True
1867,1866,61fee17f99b29fc46130613d0e7ba7c2,train/61fee17f99b29fc46130613d0e7ba7c2.dicom,True,0,True
1876,1875,6284e06225c1bba8f413896721002e1f,train/6284e06225c1bba8f413896721002e1f.dicom,True,0,True
1880,1879,6290796d31e7984c5bd7dac745d16bc1,train/6290796d31e7984c5bd7dac745d16bc1.dicom,True,0,True
1883,1882,62c14fe41339b118b7fa4a0bb569f3f9,train/62c14fe41339b118b7fa4a0bb569f3f9.dicom,True,0,True
1885,1884,630bd57c91d01444795cb63e9efe8741,train/630bd57c91d01444795cb63e9efe8741.dicom,True,0,True
1889,1888,6324583b0c0d0428991e94d43a9d5d09,train/6324583b0c0d0428991e94d43a9d5d09.dicom,True,0,True
1899,1898,639e8235c7931fa2efb4f74bca333e00,train/639e8235c7931fa2efb4f74bca333e00.dicom,True,0,True
1903,1902,63ce5324b5bcb2e4c556a6112dead354,train/63ce5324b5bcb2e4c556a6112dead354.dicom,True,0,True
1916,1915,64f09bf84016428dd43f8984b2c303f7,train/64f09bf84016428dd43f8984b2c303f7.dicom,True,0,True
1963,1962,670c2ddd42c86d8502924bd453b969e4,train/670c2ddd42c86d8502924bd453b969e4.dicom,True,0,True
1967,1966,6747f99ef0ff341a8b25787e3436db5c,train/6747f99ef0ff341a8b25787e3436db5c.dicom,True,0,True
1974,1973,679bff232ad7e9f8623bcd61e7812bab,train/679bff232ad7e9f8623bcd61e7812bab.dicom,True,0,True
1982,1981,67fbc13add44ab3cafafb5be3ce3cafc,train/67fbc13add44ab3cafafb5be3ce3cafc.dicom,True,0,True
1995,1994,68626e0f21d8b844329c9cba44ff28eb,train/68626e0f21d8b844329c9cba44ff28eb.dicom,True,0,True
1997,1996,6899d63a9d60ee219291ba61f964dbcc,train/6899d63a9d60ee219291ba61f964dbcc.dicom,True,0,True
2001,2000,68c396ded603aae07cb3027b1d2e8a90,train/68c396ded603aae07cb3027b1d2e8a90.dicom,True,0,True
2005,2004,68fb6b382475cacea88d364da1730d34,train/68fb6b382475cacea88d364da1730d34.dicom,True,0,True
2009,2008,690becc033b4b41fc20572d5f7f13359,train/690becc033b4b41fc20572d5f7f13359.dicom,True,0,True
2010,2009,69264b8eef78c43726b78a6fba59d962,train/69264b8eef78c43726b78a6fba59d962.dicom,True,0,True
2012,2011,6935c5330b07eb6492d228b1e1a740a5,train/6935c5330b07eb6492d228b1e1a740a5.dicom,True,0,True
2013,2012,693a01d0401e233e4f6bd441542dc424,train/693a01d0401e233e4f6bd441542dc424.dicom,True,0,True
2017,2016,698f2c03335010d2ff0a30798f8c2e08,train/698f2c03335010d2ff0a30798f8c2e08.dicom,True,0,True
2020,2019,69a2762d9ad4e34d46a08a58596a71e9,train/69a2762d9ad4e34d46a08a58596a71e9.dicom,True,0,True
2027,2026,69ea3cb5de2b638097e68aa955ad1087,train/69ea3cb5de2b638097e68aa955ad1087.dicom,True,0,True
2048,2047,6ada8f68e2f901b30feb74aaa0c32ba4,train/6ada8f68e2f901b30feb74aaa0c32ba4.dicom,True,0,True
2060,2059,6bb0f4c7693b63f01ca906e712abd4e3,train/6bb0f4c7693b63f01ca906e712abd4e3.dicom,True,0,True
2083,2082,6cb28973ba5bf897b5c1ef88c79c47c2,train/6cb28973ba5bf897b5c1ef88c79c47c2.dicom,True,0,True
2097,2096,6d58e4bb28efa358fbce1c94e6b15efe,train/6d58e4bb28efa358fbce1c94e6b15efe.dicom,True,0,True
2109,2108,6e004d77616aa8546ed689d9360e1080,train/6e004d77616aa8546ed689d9360e1080.dicom,True,0,True
2110,2109,6e0dd61ae870e3b4f5701af4d7cb5b8b,train/6e0dd61ae870e3b4f5701af4d7cb5b8b.dicom,True,0,True
2115,2114,6e26e1092a0297a1cbf0a867e3b90326,train/6e26e1092a0297a1cbf0a867e3b90326.dicom,True,0,True
2118,2117,6e395f737d2b004443f033eb9ad7ba17,train/6e395f737d2b004443f033eb9ad7ba17.dicom,True,0,True
2121,2120,6e45dcf215f6474234248ad70fb897d1,train/6e45dcf215f6474234248ad70fb897d1.dicom,True,0,True
2124,2123,6e48149a34ba1700f265b5e7d9fe0cd1,train/6e48149a34ba1700f265b5e7d9fe0cd1.dicom,True,0,True
2127,2126,6eae1d4353b0a57087ca071556aef1ec,train/6eae1d4353b0a57087ca071556aef1ec.dicom,True,0,True
2138,2137,6f873f0a401ca124ae1e125f081b591e,train/6f873f0a401ca124ae1e125f081b591e.dicom,True,0,True
2164,2163,70bb28b860c2c597900d4a0722cf53a7,train/70bb28b860c2c597900d4a0722cf53a7.dicom,True,0,True
2165,2164,70c57f59ed881d79ba9c1071b605c42f,train/70c57f59ed881d79ba9c1071b605c42f.dicom,True,0,True
2181,2180,71bb412dd9f1550f447ce895f400599a,train/71bb412dd9f1550f447ce895f400599a.dicom,True,0,True
2201,2200,72dba276d1673ef009c04d2c8a7e3238,train/72dba276d1673ef009c04d2c8a7e3238.dicom,True,0,True
2225,2224,7433f75def4589a4eaaba2cc947af95a,train/7433f75def4589a4eaaba2cc947af95a.dicom,True,0,True
2228,2227,745101df234416c1912639f9aa4816bd,train/745101df234416c1912639f9aa4816bd.dicom,True,0,True
2237,2236,752836009ec557fe1f845720bc2914f4,train/752836009ec557fe1f845720bc2914f4.dicom,True,0,True
2244,2243,7593231d642b5869a4974ffbc46adcab,train/7593231d642b5869a4974ffbc46adcab.dicom,True,0,True
2252,2251,760af980f4ad1ef40a517cf7e005ea1b,train/760af980f4ad1ef40a517cf7e005ea1b.dicom,True,0,True
2265,2264,76890e5a55be1076e0e4367b1a2b35db,train/76890e5a55be1076e0e4367b1a2b35db.dicom,True,0,True
2270,2269,76b3ac42fafec422e9e25c5ae8fab603,train/76b3ac42fafec422e9e25c5ae8fab603.dicom,True,0,True
2273,2272,76c39b1acee002408cc8956065ea105e,train/76c39b1acee002408cc8956065ea105e.dicom,True,0,True
2278,2277,770ae639d8c1ac0846ce73d7ad5bacad,train/770ae639d8c1ac0846ce73d7ad5bacad.dicom,True,0,True
2289,2288,779f3b4e5deddf8161905698bf806432,train/779f3b4e5deddf8161905698bf806432.dicom,True,0,True
2298,2297,781337185d4b99902d0ebfd2867feab8,train/781337185d4b99902d0ebfd2867feab8.dicom,True,0,True
2306,2305,78aa8415fbf1c792f7d7c53349d44d4f,train/78aa8415fbf1c792f7d7c53349d44d4f.dicom,True,0,True
2319,2318,7998e75d4e0f0ada2898d673c8ffecb3,train/7998e75d4e0f0ada2898d673c8ffecb3.dicom,True,0,True
2326,2325,79edf950abd9ddc4dac37e113e40da5d,train/79edf950abd9ddc4dac37e113e40da5d.dicom,True,0,True
2336,2335,7a96c5f15fb08c98d2489dc2d1ad05d9,train/7a96c5f15fb08c98d2489dc2d1ad05d9.dicom,True,0,True
2355,2354,7b6a38d1478375102a8396bedfbf9edf,train/7b6a38d1478375102a8396bedfbf9edf.dicom,True,0,True
2364,2363,7c11b4c81ab766a9aa8e300ddc618084,train/7c11b4c81ab766a9aa8e300ddc618084.dicom,True,0,True
2365,2364,7c1874e73e85727a0a12139add66bfa6,train/7c1874e73e85727a0a12139add66bfa6.dicom,True,0,True
2372,2371,7c42de6dd248ce53880debab2567b521,train/7c42de6dd248ce53880debab2567b521.dicom,True,0,True
2375,2374,7c5b807ba491941d7a260bd1546b863d,train/7c5b807ba491941d7a260bd1546b863d.dicom,True,0,True
2381,2380,7c9d52b0b094b37a3e6e520d3882f341,train/7c9d52b0b094b37a3e6e520d3882f341.dicom,True,0,True
2385,2384,7cd5b8c196d506b6a1040873bf0472f0,train/7cd5b8c196d506b6a1040873bf0472f0.dicom,True,0,True
2393,2392,7d3d289c824d3643eb22cdcde43afdf7,train/7d3d289c824d3643eb22cdcde43afdf7.dicom,True,0,True
2398,2397,7d57de3c3c7f81da4daab6094e01e9e8,train/7d57de3c3c7f81da4daab6094e01e9e8.dicom,True,0,True
2435,2434,7f599800cc62ee666b751303ca096f98,train/7f599800cc62ee666b751303ca096f98.dicom,True,0,True
2448,2447,7feba6ffbc4f98d9d9c032a7ae477177,train/7feba6ffbc4f98d9d9c032a7ae477177.dicom,True,0,True
2449,2448,7ff2bf9cde37a4224e94680ce1b7b828,train/7ff2bf9cde37a4224e94680ce1b7b828.dicom,True,0,True
2471,2470,809fc376d2a0aeae5d8bb7f7aed6eda0,train/809fc376d2a0aeae5d8bb7f7aed6eda0.dicom,True,0,True
2488,2487,8157a9e66791223fbb7aeac1337953c7,train/8157a9e66791223fbb7aeac1337953c7.dicom,True,0,True
2495,2494,82225c7d9d9d257ff166c37a90909c8e,train/82225c7d9d9d257ff166c37a90909c8e.dicom,True,0,True
2499,2498,82336f39711a91abff06905932f534d7,train/82336f39711a91abff06905932f534d7.dicom,True,0,True
2505,2504,826cff99f07a59af9eca51ff161f1e08,train/826cff99f07a59af9eca51ff161f1e08.dicom,True,0,True
2513,2512,82dda789847403a8544ad1e6928571bf,train/82dda789847403a8544ad1e6928571bf.dicom,True,0,True
2520,2519,8355a97b5adf6ed2baa581c37486248b,train/8355a97b5adf6ed2baa581c37486248b.dicom,True,0,True
2542,2541,848a8f3f7a4d210c2ee4901b0e07369a,train/848a8f3f7a4d210c2ee4901b0e07369a.dicom,True,0,True
2555,2554,8546bf5046e18c37bdb219c26b5d13cf,train/8546bf5046e18c37bdb219c26b5d13cf.dicom,True,0,True
2561,2560,85bf2bce1d8ac45002dee50ffa3e014a,train/85bf2bce1d8ac45002dee50ffa3e014a.dicom,True,0,True
2572,2571,863827ae84bd3b17640ce459b0022d15,train/863827ae84bd3b17640ce459b0022d15.dicom,True,0,True
2574,2573,864162106b4c83be91a86d4d38595977,train/864162106b4c83be91a86d4d38595977.dicom,True,0,True
2587,2586,870dd6c4f5ce36cd38983795253a020a,train/870dd6c4f5ce36cd38983795253a020a.dicom,True,0,True
2594,2593,875ffffa457e0a0aeb8a76872e3fc6d6,train/875ffffa457e0a0aeb8a76872e3fc6d6.dicom,True,0,True
2608,2607,87fdaa98d570ac156bfaa0d863401373,train/87fdaa98d570ac156bfaa0d863401373.dicom,True,0,True
2623,2622,8912ff28e4b5fd0a5e101fef66dabaa5,train/8912ff28e4b5fd0a5e101fef66dabaa5.dicom,True,0,True
2627,2626,89524feaa558a7a2fbed12b38afcf61b,train/89524feaa558a7a2fbed12b38afcf61b.dicom,True,0,True
2636,2635,89ffa015af2b8418d8f503c0b65c75f2,train/89ffa015af2b8418d8f503c0b65c75f2.dicom,True,0,True
2653,2652,8ad47a88ab880f982a7ca140b355f66e,train/8ad47a88ab880f982a7ca140b355f66e.dicom,True,0,True
2659,2658,8b0839b2cc2d11420e6cfbc46b5f0f87,train/8b0839b2cc2d11420e6cfbc46b5f0f87.dicom,True,0,True
2665,2664,8b5d3109a9d587e6a27ac3b109343c5f,train/8b5d3109a9d587e6a27ac3b109343c5f.dicom,True,0,True
2679,2678,8c6cbbc156f7eb5d6132c937d089f014,train/8c6cbbc156f7eb5d6132c937d089f014.dicom,True,0,True
2688,2687,8ce28abc5f7b1e4b97eef3cf6f2cb218,train/8ce28abc5f7b1e4b97eef3cf6f2cb218.dicom,True,0,True
2708,2707,8df447178660d98a2efcab6323c8f658,train/8df447178660d98a2efcab6323c8f658.dicom,True,0,True
2713,2712,8e36ae96a199bbaea285e074edde991a,train/8e36ae96a199bbaea285e074edde991a.dicom,True,0,True
2726,2725,8ed4976e3f507617cea65e8b068cbb1e,train/8ed4976e3f507617cea65e8b068cbb1e.dicom,True,0,True
2735,2734,8f53904e77e3c20fc28a489d9737d973,train/8f53904e77e3c20fc28a489d9737d973.dicom,True,0,True
2738,2737,8f752093ee546364e7a3f570c7e2041d,train/8f752093ee546364e7a3f570c7e2041d.dicom,True,0,True
2739,2738,8f828151dee8b12935726c711c024149,train/8f828151dee8b12935726c711c024149.dicom,True,0,True
2775,2774,9163c1b53f6cef4006d0169ee3b24886,train/9163c1b53f6cef4006d0169ee3b24886.dicom,True,0,True
2778,2777,91783a3a0b479febd50ea952f711d776,train/91783a3a0b479febd50ea952f711d776.dicom,True,0,True
2788,2787,91ce578ebdd959abb3c14b7c24711d19,train/91ce578ebdd959abb3c14b7c24711d19.dicom,True,0,True
2821,2820,92fae85ed91d9465eb06594a89cf2697,train/92fae85ed91d9465eb06594a89cf2697.dicom,True,0,True
2831,2830,931e92a65f8ec5eb009c0afa0f52e0c1,train/931e92a65f8ec5eb009c0afa0f52e0c1.dicom,True,0,True
2856,2855,94db14c4d9cc5b73cd4ccc12e94d566a,train/94db14c4d9cc5b73cd4ccc12e94d566a.dicom,True,0,True
2858,2857,94fe218b2934a56f5c5e9dbbe7c3ab98,train/94fe218b2934a56f5c5e9dbbe7c3ab98.dicom,True,0,True
2859,2858,951f37f1a2b9eeda8687588d6c1395f0,train/951f37f1a2b9eeda8687588d6c1395f0.dicom,True,0,True
2866,2865,9550a9bd0f5a9c89b096778dee669dfc,train/9550a9bd0f5a9c89b096778dee669dfc.dicom,True,0,True
2871,2870,959cb0680fbb9779352b9e42feef7977,train/959cb0680fbb9779352b9e42feef7977.dicom,True,0,True
2875,2874,95b55a69ed71d956594f754e8071f64c,train/95b55a69ed71d956594f754e8071f64c.dicom,True,0,True
2886,2885,9639e6b5d6391d119e959a65b6733c24,train/9639e6b5d6391d119e959a65b6733c24.dicom,True,0,True
2897,2896,9696f133b6337e31d8961638df6d89af,train/9696f133b6337e31d8961638df6d89af.dicom,True,0,True
2910,2909,974de0b950075fe57ca6587571ff09c5,train/974de0b950075fe57ca6587571ff09c5.dicom,True,0,True
2911,2910,978aac9419e5145086523be16545e55a,train/978aac9419e5145086523be16545e55a.dicom,True,0,True
2955,2954,99bac8deff3eb3beb9479e0c080940f7,train/99bac8deff3eb3beb9479e0c080940f7.dicom,True,0,True
2988,2987,9bc4efab79fda2c8d0c4fe352979d35f,train/9bc4efab79fda2c8d0c4fe352979d35f.dicom,True,0,True
2989,2988,9bc7f47f5e3d9cb135278aa09a42ff3a,train/9bc7f47f5e3d9cb135278aa09a42ff3a.dicom,True,0,True
3006,3005,9ccdadb18e6a8c9c2459768eaaa2893b,train/9ccdadb18e6a8c9c2459768eaaa2893b.dicom,True,0,True
3009,3008,9d094c16cc0afb04940a651298d12dcc,train/9d094c16cc0afb04940a651298d12dcc.dicom,True,0,True
3010,3009,9d25a49dcfd33a593605da5b2cecfe2b,train/9d25a49dcfd33a593605da5b2cecfe2b.dicom,True,0,True
3015,3014,9d42c5942895afd3391a8fb93a3991a8,train/9d42c5942895afd3391a8fb93a3991a8.dicom,True,0,True
3023,3022,9dba466530505c0992a5bb874ffc90ee,train/9dba466530505c0992a5bb874ffc90ee.dicom,True,0,True
3024,3023,9dc06dc651df290e2f3cd30ac1513c7e,train/9dc06dc651df290e2f3cd30ac1513c7e.dicom,True,0,True
3037,3036,9e4494bb24faf76970a1116cda4da0fc,train/9e4494bb24faf76970a1116cda4da0fc.dicom,True,0,True
3039,3038,9e4f8b07c7cfc2e3be4481e8f3507108,train/9e4f8b07c7cfc2e3be4481e8f3507108.dicom,True,0,True
3047,3046,9eb4fa8a29bcdd4fbede7c391589a42d,train/9eb4fa8a29bcdd4fbede7c391589a42d.dicom,True,0,True
3064,3063,9f99a143df8874d1e5320ebbbae6040c,train/9f99a143df8874d1e5320ebbbae6040c.dicom,True,0,True
3068,3067,9fb8448d2d7ce8d93e129a16906074e3,train/9fb8448d2d7ce8d93e129a16906074e3.dicom,True,0,True
3073,3072,9feaa80fe5166e87af68fcab302c7ae6,train/9feaa80fe5166e87af68fcab302c7ae6.dicom,True,0,True
3080,3079,a083b9235a837f1f0171174a00ea538c,train/a083b9235a837f1f0171174a00ea538c.dicom,True,0,True
3096,3095,a18dee563cbdaa4a85594968f8678b84,train/a18dee563cbdaa4a85594968f8678b84.dicom,True,0,True
3097,3096,a1af684b8e0ce8e5cd4223881451a5af,train/a1af684b8e0ce8e5cd4223881451a5af.dicom,True,0,True
3099,3098,a1d1cbb23e3efdbbbcfccc03e9624356,train/a1d1cbb23e3efdbbbcfccc03e9624356.dicom,True,0,True
3145,3144,a4ad3a5adfa6a22174acffb59997e1ee,train/a4ad3a5adfa6a22174acffb59997e1ee.dicom,True,0,True
3147,3146,a4bc2e88a21b0cc1bb3a7b6645c739f2,train/a4bc2e88a21b0cc1bb3a7b6645c739f2.dicom,True,0,True
3155,3154,a52d6fa5d0fad69daf5cfadd32115bf1,train/a52d6fa5d0fad69daf5cfadd32115bf1.dicom,True,0,True
3169,3168,a5ce7ccf65c0e89f0a4f31e252d5b071,train/a5ce7ccf65c0e89f0a4f31e252d5b071.dicom,True,0,True
3171,3170,a5dfcc60924b58142b382c753ef1c07e,train/a5dfcc60924b58142b382c753ef1c07e.dicom,True,0,True
3180,3179,a6317cca482e4c5e020ab5e4c94fe921,train/a6317cca482e4c5e020ab5e4c94fe921.dicom,True,0,True
3183,3182,a655a71a3cddecea703e954e8e23cccc,train/a655a71a3cddecea703e954e8e23cccc.dicom,True,0,True
3185,3184,a65b19420087f574983a8adec9906c16,train/a65b19420087f574983a8adec9906c16.dicom,True,0,True
3187,3186,a673256f7b975e11bf89dbb29f4565b9,train/a673256f7b975e11bf89dbb29f4565b9.dicom,True,0,True
3230,3229,a84fae30f42f9978cfd9fcaf91544792,train/a84fae30f42f9978cfd9fcaf91544792.dicom,True,0,True
3236,3235,a8887bae37bd218a89be7a6e2dc1499b,train/a8887bae37bd218a89be7a6e2dc1499b.dicom,True,0,True
3245,3244,a90c09c0b59115253c982074694b3972,train/a90c09c0b59115253c982074694b3972.dicom,True,0,True
3246,3245,a9109d137db24859730111a8b8c3996a,train/a9109d137db24859730111a8b8c3996a.dicom,True,0,True
3254,3253,a9833de8a15ca2840b3bf23d4f6226ef,train/a9833de8a15ca2840b3bf23d4f6226ef.dicom,True,0,True
3255,3254,a98bf3259fda4941663b88ff1efc7625,train/a98bf3259fda4941663b88ff1efc7625.dicom,True,0,True
3284,3283,aac515fae9d93ada4abddab6b1118aae,train/aac515fae9d93ada4abddab6b1118aae.dicom,True,0,True
3288,3287,aadca4c2d680af0c23325b0f16cedb97,train/aadca4c2d680af0c23325b0f16cedb97.dicom,True,0,True
3304,3303,ab719171f74e1469b2cb50645ff6b7c7,train/ab719171f74e1469b2cb50645ff6b7c7.dicom,True,0,True
3306,3305,ab7c4fd74b4be8ccb135dad2ae7de2c3,train/ab7c4fd74b4be8ccb135dad2ae7de2c3.dicom,True,0,True
3317,3316,ac023841616ad1f665c0ce60ba5ed7b5,train/ac023841616ad1f665c0ce60ba5ed7b5.dicom,True,0,True
3319,3318,ac0d5180cbac66eead6195728563d5e2,train/ac0d5180cbac66eead6195728563d5e2.dicom,True,0,True
3346,3345,ad59955ebf23a15362787e6407e31deb,train/ad59955ebf23a15362787e6407e31deb.dicom,True,0,True
3355,3354,adc01b67d1d426c270e7d2f26bfa71ef,train/adc01b67d1d426c270e7d2f26bfa71ef.dicom,True,0,True
3391,3390,afd8ce1c8c525815a5f2709dcf072c70,train/afd8ce1c8c525815a5f2709dcf072c70.dicom,True,0,True
3395,3394,b0065509f042f4a2ac97481b6c7c0dc5,train/b0065509f042f4a2ac97481b6c7c0dc5.dicom,True,0,True
3421,3420,b12b6c605dbf92119ae65310a7bc55d7,train/b12b6c605dbf92119ae65310a7bc55d7.dicom,True,0,True
3434,3433,b1d7cd4432f36fc46d4e49f01def1cbe,train/b1d7cd4432f36fc46d4e49f01def1cbe.dicom,True,0,True
3438,3437,b1f71b5ef16dce633e4033237b761cdf,train/b1f71b5ef16dce633e4033237b761cdf.dicom,True,0,True
3445,3444,b29294e12f7aacc8f31ffa0f13959c3a,train/b29294e12f7aacc8f31ffa0f13959c3a.dicom,True,0,True
3459,3458,b359c14158afff8ef7d00c59d2211ebc,train/b359c14158afff8ef7d00c59d2211ebc.dicom,True,0,True
3463,3462,b39a285d468234c4934c6d5489727fa2,train/b39a285d468234c4934c6d5489727fa2.dicom,True,0,True
3467,3466,b3cf4f7aab7e62964dd965e768178e32,train/b3cf4f7aab7e62964dd965e768178e32.dicom,True,0,True
3470,3469,b3f4af84fa71fe204eb105ce430deef3,train/b3f4af84fa71fe204eb105ce430deef3.dicom,True,0,True
3481,3480,b440269d96e31c7f99b7fd9bcf08eda3,train/b440269d96e31c7f99b7fd9bcf08eda3.dicom,True,0,True
3497,3496,b508112a2b015ec159ce926661b6b23a,train/b508112a2b015ec159ce926661b6b23a.dicom,True,0,True
3500,3499,b5351b37d8d3944228ff46e9cc7139a4,train/b5351b37d8d3944228ff46e9cc7139a4.dicom,True,0,True
3536,3535,b6f4abe4d21f1e44827e26f640f626bc,train/b6f4abe4d21f1e44827e26f640f626bc.dicom,True,0,True
3541,3540,b75075aceaa139ea4a971c652005c665,train/b75075aceaa139ea4a971c652005c665.dicom,True,0,True
3562,3561,b8322e1a06179954c5b5f5ed05083c05,train/b8322e1a06179954c5b5f5ed05083c05.dicom,True,0,True
3575,3574,b90e929709147ef63dfebf74c0cbe454,train/b90e929709147ef63dfebf74c0cbe454.dicom,True,0,True
3578,3577,b91b76bcb6e0b005ef98719bd719b488,train/b91b76bcb6e0b005ef98719bd719b488.dicom,True,0,True
3590,3589,ba0ee85ac58311c7f1413a3af2f3f7c7,train/ba0ee85ac58311c7f1413a3af2f3f7c7.dicom,True,0,True
3609,3608,baf56818e451ed175e7cbd7d94e01bb0,train/baf56818e451ed175e7cbd7d94e01bb0.dicom,True,0,True
3638,3637,bce076b117178591a7dad5ab9296ba74,train/bce076b117178591a7dad5ab9296ba74.dicom,True,0,True
3679,3678,be869b141b0483aaa10e62ec407c0010,train/be869b141b0483aaa10e62ec407c0010.dicom,True,0,True
3683,3682,be9503d3b32da3ca2d06d6df8b1a997b,train/be9503d3b32da3ca2d06d6df8b1a997b.dicom,True,0,True
3688,3687,beb81be7f3b55d47fa70e7972c9dc9e1,train/beb81be7f3b55d47fa70e7972c9dc9e1.dicom,True,0,True
3692,3691,bee99c179da019550328e64a55713d5e,train/bee99c179da019550328e64a55713d5e.dicom,True,0,True
3703,3702,bfbbb3c77f965726e05343efafb2eb86,train/bfbbb3c77f965726e05343efafb2eb86.dicom,True,0,True
3704,3703,bfd794933b6d06cc9e840ae7b90b1cbe,train/bfd794933b6d06cc9e840ae7b90b1cbe.dicom,True,0,True
3725,3724,c1b56c6b38aa09f0f32f0605deb5a240,train/c1b56c6b38aa09f0f32f0605deb5a240.dicom,True,0,True
3768,3767,c41f9e2dd4f6b5524d93b3229085b26c,train/c41f9e2dd4f6b5524d93b3229085b26c.dicom,True,0,True
3777,3776,c47d248c49d70684d8638910c126ccae,train/c47d248c49d70684d8638910c126ccae.dicom,True,0,True
3799,3798,c5b761d0fefbe5b1c05822a4df670c09,train/c5b761d0fefbe5b1c05822a4df670c09.dicom,True,0,True
3818,3817,c6ada34016e7fdffbba5cbccc996e395,train/c6ada34016e7fdffbba5cbccc996e395.dicom,True,0,True
3819,3818,c6ae45cbd57420cf4937b9f9299a5667,train/c6ae45cbd57420cf4937b9f9299a5667.dicom,True,0,True
3824,3823,c6fe78d03c9d12783f3451ad237351f4,train/c6fe78d03c9d12783f3451ad237351f4.dicom,True,0,True
3833,3832,c7629ae7a638c5892d90c49fd90401f0,train/c7629ae7a638c5892d90c49fd90401f0.dicom,True,0,True
3835,3834,c78a429b728a3b35c6e4b4a560dee407,train/c78a429b728a3b35c6e4b4a560dee407.dicom,True,0,True
3837,3836,c79916dc9b5b70cbd4138366358976a2,train/c79916dc9b5b70cbd4138366358976a2.dicom,True,0,True
3848,3847,c837c5bfbeedca68690f51b2e07aaabd,train/c837c5bfbeedca68690f51b2e07aaabd.dicom,True,0,True
3851,3850,c855e2fc7a8fea601a568f546e466d4b,train/c855e2fc7a8fea601a568f546e466d4b.dicom,True,0,True
3868,3867,c922a445f08f22058a4a979c5de23586,train/c922a445f08f22058a4a979c5de23586.dicom,True,0,True
3887,3886,ca527d7c532ec5810f5b73ab2ff7170a,train/ca527d7c532ec5810f5b73ab2ff7170a.dicom,True,0,True
3902,3901,cbcb95889f621abbd2e9b46220267c98,train/cbcb95889f621abbd2e9b46220267c98.dicom,True,0,True
3909,3908,cc9b6ee01a01702434ad789eef9432fb,train/cc9b6ee01a01702434ad789eef9432fb.dicom,True,0,True
3927,3926,cdc44f8510ed779fade14a506d2bbd8c,train/cdc44f8510ed779fade14a506d2bbd8c.dicom,True,0,True
3969,3968,cfd708bfc4b35a7a4d6aabde5c0799ae,train/cfd708bfc4b35a7a4d6aabde5c0799ae.dicom,True,0,True
3984,3983,d07da8a9b93d7c684264ec8be14c0fe7,train/d07da8a9b93d7c684264ec8be14c0fe7.dicom,True,0,True
3987,3986,d08fe6d0819f1ca56bc29422f8d8a408,train/d08fe6d0819f1ca56bc29422f8d8a408.dicom,True,0,True
3990,3989,d0d9778108b9059fd91572f77ed96e51,train/d0d9778108b9059fd91572f77ed96e51.dicom,True,0,True
3996,3995,d1192634c95b9018fe25890bf74d45ab,train/d1192634c95b9018fe25890bf74d45ab.dicom,True,0,True
4019,4018,d1ee146b55af8b9cd84ec605a9aa36bd,train/d1ee146b55af8b9cd84ec605a9aa36bd.dicom,True,0,True
4031,4030,d28f1f4fdbb37d98f802678fc174ff21,train/d28f1f4fdbb37d98f802678fc174ff21.dicom,True,0,True
4040,4039,d32509da6cdeed96643392245b6ab8e8,train/d32509da6cdeed96643392245b6ab8e8.dicom,True,0,True
4041,4040,d32677062d9b64918b27c648d2da50d1,train/d32677062d9b64918b27c648d2da50d1.dicom,True,0,True
4043,4042,d3627a59bdf97f89094cbcee823ba057,train/d3627a59bdf97f89094cbcee823ba057.dicom,True,0,True
4048,4047,d39514e0a4ab55df4e5f6e0426aa8fed,train/d39514e0a4ab55df4e5f6e0426aa8fed.dicom,True,0,True
4055,4054,d414a0d3435dd64628dd3b72e6ecd6be,train/d414a0d3435dd64628dd3b72e6ecd6be.dicom,True,0,True
4056,4055,d42c8cdbeea7094d8a3e4899742cdda0,train/d42c8cdbeea7094d8a3e4899742cdda0.dicom,True,0,True
4059,4058,d43960df26db044d6b9caa7e4ec2ac08,train/d43960df26db044d6b9caa7e4ec2ac08.dicom,True,0,True
4060,4059,d439808cf55114c97c3b244c54e5ab34,train/d439808cf55114c97c3b244c54e5ab34.dicom,True,0,True
4063,4062,d44b907ffbef18483e074eac9a4783dc,train/d44b907ffbef18483e074eac9a4783dc.dicom,True,0,True
4072,4071,d4a8a32d495cd0d49ec8ad2eee3afa3e,train/d4a8a32d495cd0d49ec8ad2eee3afa3e.dicom,True,0,True
4085,4084,d558629d10923b5a498508ac4b65f7d2,train/d558629d10923b5a498508ac4b65f7d2.dicom,True,0,True
4092,4091,d59e8b41b1b2b15cd6a7ae3ec6882781,train/d59e8b41b1b2b15cd6a7ae3ec6882781.dicom,True,0,True
4107,4106,d630459c8036ef43b0fdb55625289101,train/d630459c8036ef43b0fdb55625289101.dicom,True,0,True
4112,4111,d6599d989c75982e68a7f277ddf170ff,train/d6599d989c75982e68a7f277ddf170ff.dicom,True,0,True
4114,4113,d661504676709e84d3075bb96462e7a5,train/d661504676709e84d3075bb96462e7a5.dicom,True,0,True
4126,4125,d73add6550804e3da302f96e50e463af,train/d73add6550804e3da302f96e50e463af.dicom,True,0,True
4140,4139,d7b69078f953c292ffe719e864f53b21,train/d7b69078f953c292ffe719e864f53b21.dicom,True,0,True
4150,4149,d7fab14d2d4bb9d001b64f4fb59cee80,train/d7fab14d2d4bb9d001b64f4fb59cee80.dicom,True,0,True
4159,4158,d888fbee05acda2b655ba4136c1958fa,train/d888fbee05acda2b655ba4136c1958fa.dicom,True,0,True
4160,4159,d8a3fe9536afba5813aa8025506c810a,train/d8a3fe9536afba5813aa8025506c810a.dicom,True,0,True
4166,4165,d8df1cd5564e9a9f4d72b17049d5d79e,train/d8df1cd5564e9a9f4d72b17049d5d79e.dicom,True,0,True
4173,4172,d925309691e7929d905eaa42f081833f,train/d925309691e7929d905eaa42f081833f.dicom,True,0,True
4179,4178,d95da4b845c9eee6dbf93b1c27bd4dad,train/d95da4b845c9eee6dbf93b1c27bd4dad.dicom,True,0,True
4180,4179,d9910b0b179e65a23b33b1ec0a8b4bb4,train/d9910b0b179e65a23b33b1ec0a8b4bb4.dicom,True,0,True
4181,4180,d997f71818df03dd9ba8d4214dcf1856,train/d997f71818df03dd9ba8d4214dcf1856.dicom,True,0,True
4189,4188,da080bbceada7f806710be3c22f34c48,train/da080bbceada7f806710be3c22f34c48.dicom,True,0,True
4207,4206,daa38c68b720696d6d0c59fe690dc2a5,train/daa38c68b720696d6d0c59fe690dc2a5.dicom,True,0,True
4233,4232,dbd95448052d2fd61f31da0c52f05845,train/dbd95448052d2fd61f31da0c52f05845.dicom,True,0,True
4240,4239,dc50912f4b027506434b409550322d6c,train/dc50912f4b027506434b409550322d6c.dicom,True,0,True
4241,4240,dc67d031d4eba63b63da5e8da9ca965d,train/dc67d031d4eba63b63da5e8da9ca965d.dicom,True,0,True
4243,4242,dc822ebcbb0cb4879d794f0f1bc3638d,train/dc822ebcbb0cb4879d794f0f1bc3638d.dicom,True,0,True
4252,4251,dd375650caabb420aff92ee4a5d833df,train/dd375650caabb420aff92ee4a5d833df.dicom,True,0,True
4260,4259,ddc78bd83fc1feb6823701c803bc7f9a,train/ddc78bd83fc1feb6823701c803bc7f9a.dicom,True,0,True
4276,4275,de6d6efd88431d3253198106bb070471,train/de6d6efd88431d3253198106bb070471.dicom,True,0,True
4281,4280,de8c78afea91064bd977bb7092b99a63,train/de8c78afea91064bd977bb7092b99a63.dicom,True,0,True
4293,4292,df5aa1123fb533c8865b8eaf0bb9c5c8,train/df5aa1123fb533c8865b8eaf0bb9c5c8.dicom,True,0,True
4294,4293,df91d818a193e328405cf8a86ed530bb,train/df91d818a193e328405cf8a86ed530bb.dicom,True,0,True
4304,4303,e038a02993359e092b4b3432064c2ffb,train/e038a02993359e092b4b3432064c2ffb.dicom,True,0,True
4324,4323,e1c88be08dcb3f9baca7cb67c77fbcf9,train/e1c88be08dcb3f9baca7cb67c77fbcf9.dicom,True,0,True
4328,4327,e1e74a1b970197d2b8a236f4ddd8f3d5,train/e1e74a1b970197d2b8a236f4ddd8f3d5.dicom,True,0,True
4337,4336,e24bb429606e5f412625957e627a6fa3,train/e24bb429606e5f412625957e627a6fa3.dicom,True,0,True
4351,4350,e2d9292329797abcf80d3a8887a75fff,train/e2d9292329797abcf80d3a8887a75fff.dicom,True,0,True
4355,4354,e2edea962c97f3290638096b4f27465f,train/e2edea962c97f3290638096b4f27465f.dicom,True,0,True
4360,4359,e32bf14c4f6930efc80bfd4f4147ac0f,train/e32bf14c4f6930efc80bfd4f4147ac0f.dicom,True,0,True
4363,4362,e3769a9e37c159ac96c5d2f155d1826c,train/e3769a9e37c159ac96c5d2f155d1826c.dicom,True,0,True
4377,4376,e44c4522979ee8d8b50977b9af91db58,train/e44c4522979ee8d8b50977b9af91db58.dicom,True,0,True
4386,4385,e4d552e0ccc55cd65ed27729e1be30d5,train/e4d552e0ccc55cd65ed27729e1be30d5.dicom,True,0,True
4388,4387,e4dec9c7cb04e431f5c3b41430030184,train/e4dec9c7cb04e431f5c3b41430030184.dicom,True,0,True
4397,4396,e53aa24d4f2f17891ca8a6e8dfc0d8e8,train/e53aa24d4f2f17891ca8a6e8dfc0d8e8.dicom,True,0,True
4401,4400,e563c35ddd67c5124a6787e474dfa319,train/e563c35ddd67c5124a6787e474dfa319.dicom,True,0,True
4428,4427,e6d737cf8600e9b07168c04ca7541980,train/e6d737cf8600e9b07168c04ca7541980.dicom,True,0,True
4431,4430,e6e114b28a55ec3e9ecac74c55167fef,train/e6e114b28a55ec3e9ecac74c55167fef.dicom,True,0,True
4440,4439,e746ee7a622d991a0c02b55efe234fb9,train/e746ee7a622d991a0c02b55efe234fb9.dicom,True,0,True
4454,4453,e7dec1ffda66e9a315335afa8e961205,train/e7dec1ffda66e9a315335afa8e961205.dicom,True,0,True
4475,4474,e98a76eaefca34840133986ed53cd210,train/e98a76eaefca34840133986ed53cd210.dicom,True,0,True
4481,4480,e9bbeb5248b591a86ff636b9f0b68549,train/e9bbeb5248b591a86ff636b9f0b68549.dicom,True,0,True
4490,4489,ea56b3455c844f324b8c9323ebf2ddb2,train/ea56b3455c844f324b8c9323ebf2ddb2.dicom,True,0,True
4492,4491,ea970ed46ada798de375a4be51f701c9,train/ea970ed46ada798de375a4be51f701c9.dicom,True,0,True
4500,4499,eab0be019f53390dbbb3225e86506c09,train/eab0be019f53390dbbb3225e86506c09.dicom,True,0,True
4521,4520,ebcf699a8c42843567184fb71f33160c,train/ebcf699a8c42843567184fb71f33160c.dicom,True,0,True
4544,4543,ed06295915b52f5fcc88e158ab0c7100,train/ed06295915b52f5fcc88e158ab0c7100.dicom,True,0,True
4556,4555,eda23140c7a820d76c89bc994768888d,train/eda23140c7a820d76c89bc994768888d.dicom,True,0,True
4566,4565,ee1abdde3a0e65f9e0b832dfdbbea5de,train/ee1abdde3a0e65f9e0b832dfdbbea5de.dicom,True,0,True
4578,4577,eea2d38f25bbee2095457fff9b8b2200,train/eea2d38f25bbee2095457fff9b8b2200.dicom,True,0,True
4581,4580,eebe67275df5f83998a5fe7c147c81cc,train/eebe67275df5f83998a5fe7c147c81cc.dicom,True,0,True
4582,4581,eec404a6f4d2db9c179dbe4549de4fdb,train/eec404a6f4d2db9c179dbe4549de4fdb.dicom,True,0,True
4603,4602,ef9d2c00f3825adfdc8a574600d156d3,train/ef9d2c00f3825adfdc8a574600d156d3.dicom,True,0,True
4605,4604,efb838879b6ee5f7d44b56ff592d83a4,train/efb838879b6ee5f7d44b56ff592d83a4.dicom,True,0,True
4619,4618,f0adf7b51f3c26e565e1977c4b6c235a,train/f0adf7b51f3c26e565e1977c4b6c235a.dicom,True,0,True
4637,4636,f23603293e7a6bb7166cd493d2da2f77,train/f23603293e7a6bb7166cd493d2da2f77.dicom,True,0,True
4662,4661,f369ab97b45fdd8ac73e51af003ae854,train/f369ab97b45fdd8ac73e51af003ae854.dicom,True,0,True
4666,4665,f3a84940a5a63947852fd915062fed1d,train/f3a84940a5a63947852fd915062fed1d.dicom,True,0,True
4679,4678,f458843968166ba8c5af491035ce1651,train/f458843968166ba8c5af491035ce1651.dicom,True,0,True
4682,4681,f4976db55ec34ca21f36c218993ea7a2,train/f4976db55ec34ca21f36c218993ea7a2.dicom,True,0,True
4695,4694,f52ec4da5edc58fc2f93c00316c38fe7,train/f52ec4da5edc58fc2f93c00316c38fe7.dicom,True,0,True
4717,4716,f6178657260dafbe0088bf3bb12e95fd,train/f6178657260dafbe0088bf3bb12e95fd.dicom,True,0,True
4730,4729,f6ea8fd5566a3776bec64ec816a0eb31,train/f6ea8fd5566a3776bec64ec816a0eb31.dicom,True,0,True
4736,4735,f774dada729622b4f5e2e1c352169d77,train/f774dada729622b4f5e2e1c352169d77.dicom,True,0,True
4756,4755,f887788825f5004145c4b29efa89fbc6,train/f887788825f5004145c4b29efa89fbc6.dicom,True,0,True
4783,4782,f9e33b36ae582d27a5426d7e0692d128,train/f9e33b36ae582d27a5426d7e0692d128.dicom,True,0,True
4784,4783,f9e6958221cb9c50deaf7ce3e78b6bf4,train/f9e6958221cb9c50deaf7ce3e78b6bf4.dicom,True,0,True
4790,4789,fa1ffc0e890d0d6fa472f8abb1590b88,train/fa1ffc0e890d0d6fa472f8abb1590b88.dicom,True,0,True
4798,4797,fa8a4206a96b99a55f7e8c84a1ec5892,train/fa8a4206a96b99a55f7e8c84a1ec5892.dicom,True,0,True
4804,4803,fb14e1b207e0ee66ed2e3179323091a8,train/fb14e1b207e0ee66ed2e3179323091a8.dicom,True,0,True
4833,4832,fc4363ebce3a4aaa7c7d8c4796221c16,train/fc4363ebce3a4aaa7c7d8c4796221c16.dicom,True,0,True
4836,4835,fc63f0bc1c17a196a1985672fe91d660,train/fc63f0bc1c17a196a1985672fe91d660.dicom,True,0,True
4841,4840,fc9792581d7190c4b20c3e436e2d91bb,train/fc9792581d7190c4b20c3e436e2d91bb.dicom,True,0,True
4847,4846,fd0101d5a41b3c0a8743502692690bdb,train/fd0101d5a41b3c0a8743502692690bdb.dicom,True,0,True
4852,4851,fd2892a3069f461f8a47e714b9b7f755,train/fd2892a3069f461f8a47e714b9b7f755.dicom,True,0,True
4861,4860,fdc0e4eaee26a9dd7bec404df5428612,train/fdc0e4eaee26a9dd7bec404df5428612.dicom,True,0,True
4882,4881,ff177d5fef1586b58fc89b1bf9cc5095,train/ff177d5fef1586b58fc89b1bf9cc5095.dicom,True,0,True
4888,4887,ff612a13f0bf475515259b986735c4e4,train/ff612a13f0bf475515259b986735c4e4.dicom,True,0,True
