scope,unit_id,MAE_q100_minus_q95,PSNR_q100_minus_q95,SSIM_q100_minus_q95
roi,10052,-1.2397851054575069,15.03576964209946,0.0008124853016791
roi,10065,-1.3538725187974396,15.796937006834504,0.011587008682873323
roi,10129,-0.7305488677204368,11.308635362123297,0.0007666192720033882
roi,10155,-0.746189491017332,11.799637544475544,0.0015198735827168797
roi,10192,-1.1527423469387754,14.695605083277854,0.0011034730557745176
roi,10313,-1.1932109527227976,14.850487492370036,0.00070658173071525
roi,1038,-1.401229598844278,16.05878194050826,0.01605921526062104
roi,104,-1.0164004159183289,13.54700061633482,0.003353124445463096
roi,10438,-0.9105504587155963,12.770834184579392,0.0030170038257701925
roi,10638,-0.8084214980956411,11.992743130141612,0.000619279217842772
roi,10687,-0.7444492961931967,11.417952299025949,0.0016313752648251523
roi,10767,-1.0214805230273982,13.638457997924554,0.005470173202390294
roi,10962,-0.33806499505113824,7.120229220660214,0.00031472770267115813
roi,10964,-0.8471392463235294,12.30054258875056,0.0025040011678780782
roi,11181,-0.176510353357644,5.092696112088163,0.00039081368054427745
roi,11212,-1.3916015741104018,15.980458115689657,0.01339870620258421
roi,11333,-0.1900921658986175,5.30366766672887,0.0005961371759897194
roi,11361,-0.7008580705009276,11.026263036383881,0.0013534313632258543
roi,115,-1.1035561660561661,14.25188444403868,0.0011434251110785665
roi,11581,-0.15528455284552845,4.751589905993697,0.00014658371817422022
roi,11715,-1.2219003989951234,15.053948465553987,0.0006686345285787931
roi,11758,-1.1891718077362186,14.844604403253413,0.0005137077683512459
roi,11830,-1.2666281938856219,15.237210819173207,0.0013462809217483773
roi,11835,-1.2156171123492259,15.065820950015535,0.008240715637214957
roi,1198,-0.7305698672911788,11.275979022788832,0.0019731187000870953
roi,11980,-1.0699235211487435,14.04822144074587,0.003975122172403589
roi,12052,-1.3418549346016646,15.733168957430053,0.005477349526628594
roi,12284,-0.6826893824155765,10.856232441495209,0.0019198751481479537
roi,12322,-1.0891153321901244,14.193198623105715,0.0009491379323767202
roi,12473,-0.15001419789564163,4.692637746848078,0.0002640500213655361
roi,12639,-1.3060988988406685,15.495295769289378,0.015747607404317465
roi,12667,-0.1300508655605258,4.3812513926911905,0.0002605978200637127
roi,12723,-0.10251647485690038,3.8641206567147037,0.0008471710876930549
roi,12749,-0.4493090776494434,8.437790222384656,0.0008017649221454537
roi,12759,-0.6771488469601676,10.87706534168646,0.0009416442366548816
roi,12833,-0.1348503600360036,4.460129972735764,0.00010856503117595562
roi,12989,-0.23146052631578945,5.849040488591228,0.00010772817979920468
roi,13026,-1.2339875142275722,14.996769645891831,0.0008796945969219427
roi,1307,-0.7969924812030076,11.91408017139787,0.015181011641761777
roi,13273,-0.1431107199178494,4.5849495538028435,0.0001078236723943693
roi,13294,-1.2832368171094155,15.31222081582056,0.0006927663807089202
roi,13531,-0.7245945543817884,11.241226977037883,0.0014663654303387341
roi,13561,-1.3766803305354935,15.90644156886566,0.0015430907601726718
roi,13649,-1.1690045248868777,14.453715439119357,0.01359630502127307
roi,13753,-0.745746091568956,11.413258080236233,0.0017079058896352084
roi,13812,-1.2507454783602263,15.167307836337848,0.012902186070340993
roi,13851,-1.0426365598538936,13.791989530859652,0.004198484455730012
roi,1387,-0.7548500881834215,11.693578763967125,0.010114821040036914
roi,13878,-0.6845965679138293,10.877473646748498,0.001916875221501635
roi,13999,-0.7456065824286104,11.406974843383722,0.0021168306242054236
roi,14101,-1.221279162834036,15.011231760069428,0.006034238625556854
roi,14131,-1.4088400579792795,16.099018929238923,0.013320109254552737
roi,14250,-0.14771767810026384,4.711552286348308,0.0001227057945853982
roi,14251,-1.0395093457943927,13.821652580449879,0.001833573812642486
roi,14328,-1.0070195452125636,13.561274516122126,0.0015158308009779464
roi,14374,-0.1775470060212035,5.114726004742579,0.0003328506168298606
roi,14400,-1.0201333133703685,13.643923320740996,0.0051551104541268655
roi,14465,-1.1769064269064269,14.732453653000945,0.009528798058599741
roi,14573,-0.8886255924170616,12.679179857403355,0.003357264874328969
roi,14574,-0.4493090776494434,8.437790222384656,0.0008017649221454537
roi,14586,-0.3065400989076894,6.740306969188929,0.0005129202000843103
roi,14721,-0.9715574054804024,13.179942850592703,0.005035679008710492
roi,14859,-1.29920034476154,15.455390892588348,0.010299397526191911
roi,14967,-1.128791687615217,14.321587090952008,0.00338798834537668
roi,14998,-0.714824982841455,11.250898887605885,0.0010138148796200452
roi,15117,-0.18895592425004193,5.273609433891217,0.00013469349384520601
roi,15176,-0.18545310128647008,5.2414912776111535,0.00046065122962124505
roi,15217,-0.13354470513633482,4.347355717833047,0.00011773658704561374
roi,15232,-0.1436571860055374,4.585914525209418,0.00010547484672063234
roi,15484,-1.2525756517659492,15.255004652524505,0.008098855858374221
roi,15516,-0.6855679857516558,10.866150903131249,0.0026027415171522295
roi,1554,-0.14800459374102787,4.6288784278745965,0.0003157433408005339
roi,15556,-0.11776187378009108,3.958163150421818,0.00038684468926497573
roi,15608,-0.14800459374102787,4.6288784278745965,0.0003157433408005339
roi,15764,-0.1513190034196385,4.714812508520872,0.0001661780882254993
roi,1582,-0.8976679104477613,12.733980265955822,0.0038479644353940357
roi,15978,-0.8211268597174638,12.112014587900262,0.001086445056209917
roi,16000,-0.7177474172274866,11.192558892779367,0.002966260785487229
roi,1614,-0.7687767190316765,11.640273334270766,0.001630613961341787
roi,16147,-1.3728547107120301,15.903516239487018,0.00718091765389961
roi,16233,-0.15445906432748538,4.750870848092092,0.0001747993785922164
roi,16306,-1.3047706792538556,15.515818908087425,0.016303017412719112
roi,16339,-0.13129002348333202,4.408354048905494,0.00024355214216120746
roi,16348,-0.13101824162679426,4.290986323381631,0.00011271540956558912
roi,1645,-0.15525583093705783,4.795492719769463,0.0003823902556501224
roi,16587,-1.1430832327938871,14.479029061186566,0.006504852351126744
roi,16641,-0.87137200630454,12.82502818749034,0.00320953497784926
roi,17110,-1.1484296885014742,14.534059430639545,0.0013689573871461524
roi,17195,-0.1378519544344619,4.428097112830628,0.0007526570957222534
roi,17519,-0.14643356643356645,4.558935887181299,0.00021565758964803283
roi,17522,-1.1766157508430868,14.707851939225812,0.012034367308637162
roi,17528,-1.223182992067884,15.022945234389852,0.0007430377282762191
roi,17556,-0.14035602503912362,4.4111703877889,0.00016360887309885275
roi,17690,-1.4041217107816504,16.06981107092338,0.013946615679772179
roi,17729,-0.1300508655605258,4.3812513926911905,0.0002605978200637127
roi,1773,-0.8023529411764705,11.937897854940985,0.005061814555006872
roi,17735,-0.1087719298245614,3.5512689875814374,0.0007136398942714228
roi,17739,-1.1597429993075796,14.58002283620192,0.007602237635608744
roi,17800,-0.8471392463235294,12.30054258875056,0.0025040011678780782
roi,1785,-0.7589948515325671,11.549033670610015,0.0020697188058939053
roi,17852,-0.17435930951387457,5.064712713662885,0.00038712449028754925
roi,17939,-0.12806590526118705,4.216512639979946,0.00020910536738860674
roi,18183,-1.2795154185022026,15.259049883154859,0.0029381961252742395
roi,18279,-0.920138888888889,12.925897020618969,0.009063687230123185
roi,18293,-0.13132027376213423,4.310700904307431,6.744693967819515e-05
roi,18318,-0.14810909240550607,4.7000466031702,0.00016124168251607784
roi,18339,-1.0101650612323927,13.501810291684762,0.0006290632836107868
roi,18357,-1.2067834225888936,14.902356864494124,0.007184862427877747
roi,18545,-1.3075296608083493,15.519497301909581,0.009681766995085939
roi,18608,-0.6826893824155765,10.856232441495209,0.0019198751481479537
roi,18896,-0.4503543740623315,8.415614854996086,0.0004160945455978782
roi,18899,-1.1794941165075135,14.733582310788435,0.015699501185416964
roi,18976,-0.4614419590299035,8.552737509197144,0.000312741440838038
roi,1900,-1.0699235211487435,14.04822144074587,0.003975122172403589
roi,19016,-0.1217948717948718,3.9722157264070006,0.0005018636956511946
roi,19138,-0.13041125541125542,4.270982374132515,0.0010200501529867845
roi,19224,-0.13119298185669867,4.3888411661109,0.0001100986765907308
roi,19267,-0.13880721551176098,4.4641804807703735,0.00019176098952389253
roi,1932,-1.2689521266408152,15.348117572078685,0.008681871181385525
roi,19323,-0.8343354404219321,12.178287729127184,0.0003368700911711153
roi,19459,-1.2675947579755549,15.316051868879384,0.0026040311602457678
roi,19481,-0.12982528701057802,4.302937313302905,6.28802140010265e-05
roi,19648,-0.6855679857516558,10.866150903131249,0.0026027415171522295
roi,19711,-1.1322459751913434,14.467021740615614,0.0016039569023356126
roi,19794,-0.6845965679138293,10.877473646748498,0.001916875221501635
roi,19820,-1.0128072873075502,13.684520796130798,0.0016075515537886664
roi,19916,-1.0823495010782558,14.142361140098146,0.0015532294061598728
roi,20334,-0.7639173338298269,11.723163002288558,0.0017127817873313633
roi,20410,-0.9832953173218837,13.410774248899557,0.001110593157258366
roi,20517,-1.3704849430668749,15.879545359852791,0.011102610574425298
roi,20581,-0.15445906432748538,4.750870848092092,0.0001747993785922164
roi,20635,-1.2613769251347116,15.274234872731093,0.001598613350712097
roi,20735,-0.13419117647058826,4.4142568333610654,0.00024625468391870076
roi,20912,-1.0955402354950887,14.189552957997797,0.0014747928189796644
roi,2103,-1.3892087815046978,15.98804130500794,0.015250830282555028
roi,21278,-1.403751233958539,16.055422922500455,0.00939624699274888
roi,21485,-0.1436571860055374,4.585914525209418,0.00010547484672063234
roi,21494,-0.13915492957746478,4.474372380095986,5.407223325393229e-05
roi,21552,-0.6480876103301733,11.130232072929836,0.0015734395261995937
roi,21736,-1.3688187213078045,15.868249212386097,0.0015877092270453197
roi,21897,-0.46235329945199144,8.601891898374383,0.0001771938941524942
roi,22031,-1.0943726506645701,14.172344846320009,0.00041360618619901146
roi,22077,-1.085307529751974,14.060847337498465,0.0024653367112238422
roi,22113,-1.2875987361769352,15.419246660496896,0.007571828034818373
roi,22168,-1.2324299560480465,14.979837665197806,0.001761700736359506
roi,22388,-1.0116427432216906,13.479483640786292,0.004817545107125065
roi,22426,-0.19888051533819068,5.427922565902662,8.518448322425431e-05
roi,22477,-1.0709051220082637,13.961765352580272,0.00224654262067725
roi,22493,-1.2830004665998638,15.355018249886484,0.0021659499808379667
roi,22527,-0.7639173338298269,11.723163002288558,0.0017127817873313633
roi,22558,-1.0968170665212649,14.21370173938417,0.0012063964198141264
roi,22902,-1.2908919215699863,15.44100793699532,0.014487086671033711
roi,22966,-0.14218802275008366,4.833108295373599,0.0002590978883331152
roi,2301,-0.8203090385467435,12.055279554165978,0.004257292851349681
roi,23186,-1.2733878447505733,15.307018580245924,0.007176566174923904
roi,23307,-1.1407073561989154,14.461573245118487,0.0053953837769490365
roi,23500,-0.7341414141414141,11.462690174947348,0.007458222566524619
roi,23522,-0.14015291651251696,4.4875150688961725,0.0005521810979057795
roi,23625,-0.1348503600360036,4.460129972735764,0.00010856503117595562
roi,23648,-1.0164004159183289,13.54700061633482,0.003353124445463096
roi,23798,-0.7343639745974726,11.235305196007339,0.001464839923373873
roi,23816,-1.1687936856985783,14.615461107124894,0.007438054975965613
roi,23836,-1.2408179213336807,15.177666955754233,0.001062013603422729
roi,23899,-0.12674543501611174,4.092210190817269,0.0003588116256898477
roi,23998,-0.974910854179048,13.301995054582761,0.0011137829124105991
roi,24116,-0.18327780422021256,5.154844565483849,0.00011543702269667389
roi,24229,-0.4472783179589462,8.411010024748116,0.0008980895500619868
roi,2450,-0.4698611160444713,8.669397019982881,0.0007931435026629075
roi,24540,-0.10372779164659338,3.8874640419536846,0.0007031947627667012
roi,24559,-1.0856661500101086,14.119570266790696,0.0004955229587159105
roi,2458,-0.14941444191596825,4.688055536809657,0.0002775282532588852
roi,24601,-0.1085304054054054,3.8520893186711547,0.0011490492741604852
roi,24685,-0.7145393327211509,11.16679848476128,0.001040416959380619
roi,24688,-1.2067834225888936,14.902356864494124,0.007184862427877747
roi,2485,-1.121796553835389,14.333238546350671,0.0010225936498374777
roi,24915,-0.47781252923800743,8.753901253843424,0.000464021406719195
roi,25101,-0.819465737514518,12.054241712693688,0.006456669592618369
roi,25111,-1.310575221238938,15.5124927644612,0.01818761639865485
roi,25173,-0.7245945543817884,11.241226977037883,0.0014663654303387341
roi,25291,-0.1315837253971338,4.38929193712471,8.369495339821675e-05
roi,25305,-1.3229261500562308,15.620320996363127,0.003957810794742556
roi,25409,-0.13871240266680238,4.450577789701555,0.0007397200388108427
roi,25540,-0.788888888888889,12.42082504886286,0.0072820779045478234
roi,25749,-1.373385599668555,15.896115255774575,0.0020020027365381665
roi,25783,-0.12906976744186044,4.294636653071414,0.0003665094735741947
roi,25807,-1.3471617846141413,15.780173554234395,0.010632353527239125
roi,25832,-0.11729968018753965,4.103888206429893,4.1948686040793604e-05
roi,2591,-0.15652173913043477,4.7223364465536335,0.0007173288575729186
roi,25961,-0.11785714285714285,4.111769988922305,9.698451842321543e-05
roi,26165,-0.18338426997408658,5.203265561548051,0.00043836424770904436
roi,26199,-0.1431107199178494,4.5849495538028435,0.0001078236723943693
roi,26261,-0.961679292929293,13.214246333051207,0.0012365983776889689
roi,26276,-0.15218485984445812,4.78817305620786,0.0003618723876479546
roi,26328,-0.13119298185669867,4.3888411661109,0.0001100986765907308
roi,26351,-0.12415110356536503,4.213826866806841,0.0006566301792028106
roi,26726,-1.151853812284965,14.528294766941528,0.010988745088172824
roi,26773,-1.122744161358811,14.36052526249307,0.0026541839945062318
roi,26775,-1.3518929537221287,15.840772577299042,0.0018087068538563678
roi,2683,-0.1429921313953888,4.583834475020396,0.00020631731464715308
roi,26995,-0.13750405377517025,4.450103493968385,6.039160608484195e-05
roi,27214,-0.1300508655605258,4.3812513926911905,0.0002605978200637127
roi,27298,-0.17262423714036618,5.528419686577813,0.0009786507619917728
roi,27429,-0.8538601857000826,12.54985341432976,0.0028890045876261983
roi,27489,-0.7559808612440191,11.663314217665246,0.009622239635551866
roi,2752,-0.2,5.642714304385628,0.0009466001311750905
roi,27627,-1.1441165286326576,14.584928571483196,0.0007962365635856283
roi,27628,-0.1438468687985129,4.584025101455602,0.00030785894665563696
roi,27740,-0.1438468687985129,4.584025101455602,0.00030785894665563696
roi,27865,-1.1578895704676258,14.566802982107752,0.009116043109667182
roi,27949,-1.3688187213078045,15.868249212386097,0.0015877092270453197
roi,27972,-0.11696577734264271,4.096758546940812,0.00032663699882984343
roi,28052,-1.205079695839731,14.944267161144943,0.0011939125020677954
roi,2816,-0.11383928571428573,4.214837235804104,0.0007587420333980965
roi,28311,-0.9832953173218837,13.410774248899557,0.001110593157258366
roi,28342,-0.7145393327211509,11.16679848476128,0.001040416959380619
roi,28509,-1.2586093541000702,15.168359708791911,0.004468047582422807
roi,28520,-0.8389876516925697,12.211987020839551,0.0003261857922295386
roi,28526,-1.1610076252723311,14.589065935579619,0.015977736184362712
roi,28622,-0.13880721551176098,4.4641804807703735,0.00019176098952389253
roi,28631,-1.3668921978636692,15.875017480823125,0.014520259887983111
roi,28643,-0.714824982841455,11.250898887605885,0.0010138148796200452
roi,28676,-0.8341395581520564,12.172377443270705,0.00032997303574378023
roi,28851,-0.11692791123003843,4.048977749484507,0.00015985860940592733
roi,28892,-1.1891718077362186,14.844604403253413,0.0005137077683512459
roi,28971,-1.3688187213078045,15.868249212386097,0.0015877092270453197
roi,29052,-0.7589948515325671,11.549033670610015,0.0020697188058939053
roi,29095,-0.45245269554144535,8.480498682892694,0.0007217490880245814
roi,29117,-1.2406727379553466,15.084297440833282,0.006363912260119009
roi,29335,-0.7319018404907975,11.17657107374432,0.0045531569186920695
roi,29432,-1.3206710514667208,15.59125598887286,0.010233265135835556
roi,29455,-0.2507716049382716,6.009605110397061,0.0008549636970430763
roi,29573,-0.4493090776494434,8.437790222384656,0.0008017649221454537
roi,29589,-1.0407288317256163,13.7473773899261,0.001829636685341418
roi,29610,-1.2660335212281122,15.302623282359079,0.0020578870293851415
roi,29626,-1.138912638937786,14.517103708897437,0.0007254328890548001
roi,29651,-1.2750649350649352,15.367054280848542,0.0028503950345234452
roi,2966,-1.15133785942492,14.557040830683881,0.0014014409568129382
roi,30117,-0.14653461252171035,4.677214873584518,0.00013000130082341244
roi,30161,-0.15092592592592594,4.771212547196626,0.0005172685571888103
roi,30239,-1.1377440082089372,14.444606664676456,0.005807727319177114
roi,30344,-0.9754613270514331,13.274206600265842,0.0013673354075117716
roi,30354,-1.3919223219802987,15.97972451538022,0.0027612919789751222
roi,30399,-1.1780984972474335,14.729804491906854,0.01047592587557955
roi,30558,-0.9750971116495519,13.332939649654051,0.000988021383855342
roi,30677,-0.9298664122137404,13.02828224815054,0.003162403953338222
roi,30786,-0.11460554371002132,4.130037551079134,0.0006990636607991929
roi,30788,-1.3454317712938402,15.751335337390351,0.012146925704942024
roi,31058,-0.9160353535353535,12.888512075958246,0.0022805712898074093
roi,31078,-1.20653599079995,14.866053564421854,0.0018899809826793401
roi,31112,-1.186442141623489,14.806507387061174,0.008418398546144679
roi,31146,-0.15247252747252749,4.711544064476456,0.0005576884506746094
roi,31184,-0.9754613270514331,13.274206600265842,0.0013673354075117716
roi,31324,-1.2780508131825035,15.341525864993265,0.007383616954589556
roi,31345,-1.099108734402852,14.037451476687977,0.005519327786608241
roi,31355,-0.12270114942528736,4.236955951623763,0.00036159028344751043
roi,31424,-0.12000868055555555,4.210495517630676,0.0005499760919627228
roi,31426,-0.1463219616204691,4.575709431633186,0.0002272496517532474
roi,31608,-0.3423333239602958,7.341075049844129,0.0006682022680397637
roi,31611,-0.8976679104477613,12.733980265955822,0.0038479644353940357
roi,31848,-1.3940053769951801,16.01673066517688,0.014025644339468846
roi,31895,-0.18679050567595457,5.432173203134994,0.00033064130661908386
roi,32101,-0.18068548945053758,5.162897831211289,9.534979506098384e-05
roi,32230,-1.389556701825959,15.966521786051487,0.0031929979726894597
roi,32470,-0.14704433497536945,4.766384370135661,0.0003063715231144126
roi,32505,-0.8392048670062252,12.236177723552032,0.0037125543073135425
roi,32785,-1.232831945731577,15.082958249103214,0.008654642673877833
roi,32835,-1.312606630758693,15.522217837465554,0.0030195133638544203
roi,32860,-0.15445906432748538,4.750870848092092,0.0001747993785922164
roi,32872,-0.13461319635222785,4.336980802375798,6.0015405564328717e-05
roi,32899,-1.1772501224428287,14.721551162849408,0.019537297784200436
roi,32924,-1.0854685942173479,14.09328232351482,0.001079051573523504
roi,33022,-0.13526832447806594,4.464676757625291,0.0003428224280409564
roi,33056,-0.1223719068823629,4.0092901235128835,0.0004235835244933428
roi,33122,-0.14810909240550607,4.7000466031702,0.00016124168251607784
roi,33193,-1.2137620192307692,14.96835684441762,0.00841251913884078
roi,33194,-0.1286522824931698,4.318845126346744,0.00012991844442589162
roi,33253,-0.7450106748352363,11.397356602170063,0.002483184850559206
roi,33282,-1.244549623922216,15.137948321622623,0.008767097092203802
roi,33344,-1.3892087815046978,15.98804130500794,0.015250830282555028
roi,33357,-1.3410463532823995,15.73245091398217,0.01268644597101698
roi,33407,-0.15528455284552845,4.751589905993697,0.00014658371817422022
roi,33545,-0.1303887763851641,4.346763589725661,6.719624077766717e-05
roi,33573,-0.8786332264022553,12.54085320797602,0.001710606751328947
roi,3365,-1.2135053416649868,14.937126866401421,0.008804721074535449
roi,33792,-1.2963966979027222,15.414624081924664,0.002177454206467644
roi,33863,-0.13107457059069963,4.308239271281025,5.492347130708897e-05
roi,3388,-1.3216257415952537,15.636284207913953,0.0031435023067872825
roi,33930,-1.3892087815046978,15.98804130500794,0.015250830282555028
roi,33964,-1.2537346961698304,15.231725490919075,0.0014412483383939856
roi,33984,-1.376349392773252,15.919591392309535,0.01213350592107909
roi,3399,-0.1348048876625936,4.471580313422194,0.001010703844248173
roi,34101,-0.16883116883116883,5.291991507473568,0.00024401481055336127
roi,34249,-0.13526832447806594,4.464676757625291,0.0003428224280409564
roi,34296,-0.4532707311494575,8.496778431475725,0.0002073787521005288
roi,34373,-0.6771488469601676,10.87706534168646,0.0009416442366548816
roi,34386,-1.3901684500070874,15.965414964534382,0.0028665975099861907
roi,34425,-0.4472783179589462,8.411010024748116,0.0008980895500619868
roi,34702,-0.12680701623991975,4.243135465801487,9.493487076805973e-05
roi,3476,-1.371807237854983,15.861340722110633,0.003404990092610305
roi,34891,-1.0060099573257468,13.495578842626735,0.003069535568771098
roi,35063,-0.1429921313953888,4.583834475020396,0.00020631731464715308
roi,35094,-0.4414504823895006,8.366478356071184,0.0007692121048989975
roi,35118,-0.11913332168443125,4.090229595674671,0.0007274017526756049
roi,35121,-0.7126233637527357,11.123382073748843,0.0034686716176266508
roi,35132,-0.11779081133919844,4.028700389145811,0.0006464739756297799
roi,35145,-1.3728244346519094,15.896782491578328,0.0017715505275197607
roi,35203,-1.0010220008919282,13.486126150000231,0.004401655896365875
roi,35525,-1.334217588578278,15.694917362787905,0.011370414294162745
roi,3559,-1.0079767267267268,13.692898557795893,0.0027662066094208404
roi,35596,-0.14831106599539956,4.660208862760179,0.00030169602164209497
roi,35725,-1.1597444970993798,14.611140458886716,0.005371991141778554
roi,35773,-1.0891153321901244,14.193198623105715,0.0009491379323767202
roi,358,-0.11818509300497775,4.109248089102707,0.00047859505091074617
roi,35815,-1.2824621399983853,15.381568965544886,0.006606896954653219
roi,35861,-0.22956591090349776,5.834760947641961,9.979291867490137e-05
roi,36028,-0.941141917293233,12.92169275386884,0.005767455873609273
roi,366,-0.7305488677204368,11.308635362123297,0.0007666192720033882
roi,3713,-0.11574074074074073,4.259687322722812,0.0012805551839540907
roi,3718,-0.4492277373589526,8.443556957588953,0.00024292501717659842
roi,377,-1.2640067400854547,15.32924157916436,0.007684665880316022
roi,3922,-1.3354969777304055,15.698848811936543,0.0038169471038085323
roi,3928,-1.3681415481619474,15.88718626633348,0.01597790522367093
roi,3948,-0.9865240240240241,13.392418682088831,0.0010283174743431767
roi,3965,-0.7099386415525114,11.090327029000484,0.0035843670156725516
roi,3967,-1.2492397811948142,15.256211284498029,0.0013923972215041935
roi,4170,-1.2715426543288124,15.358786445662744,0.0015652861615009783
roi,418,-0.1268035876771091,4.239937653312261,9.013503529564648e-05
roi,4230,-1.1564869780050098,14.53659092405772,0.004703398203866449
roi,4243,-1.0078241231377505,13.539539481238684,0.005307149607830741
roi,4329,-0.440650406504065,8.338617502024888,0.0010519865229700054
roi,4336,-0.40567034825344817,7.924124131153647,0.000584724593904129
roi,445,-1.1419393455706306,14.484425186084849,0.00959705033369973
roi,4469,-0.11923068994661004,4.141318286310877,8.155091088624111e-05
roi,4657,-0.1821207430340557,5.149888630386869,0.00013211232448040455
roi,4732,-1.2150110848887936,15.00073312861467,0.004393470969948798
roi,4951,-0.7300457879168524,11.321544565338002,0.0014813987851272081
roi,4960,-0.12871600253004428,4.436216333085255,0.0008211590039965966
roi,5018,-0.7140889536300722,11.128031117767058,0.002948405601283288
roi,5097,-1.3667690777875403,15.877483312028815,0.01457631070041654
roi,5151,-0.13148295307668006,4.373679077167907,6.292476057556673e-05
roi,5525,-0.7008580705009276,11.026263036383881,0.0013534313632258543
roi,5541,-0.9105504587155963,12.770834184579392,0.0030170038257701925
roi,5623,-1.2306541832430977,15.08667414404826,0.0008905133971471857
roi,5664,-1.0792071720479322,14.264938716526025,0.0008739146875890169
roi,5682,-0.7235014619883041,11.151243033592117,0.004134675229388596
roi,5814,-0.11923068994661004,4.141318286310877,8.155091088624111e-05
roi,595,-0.1053999763677183,3.849670413930106,0.0004561148125699077
roi,5966,-1.3711150256129907,15.864661290279216,0.0023421065233533156
roi,5969,-1.132385407905803,14.440239969249653,0.0011991306443011052
roi,5999,-0.7934345584409441,11.74677322747231,0.004683138701225498
roi,6,-0.13129002348333202,4.408354048905494,0.00024355214216120746
roi,6069,-0.8126482593550317,12.042311402951128,0.0006138418946762814
roi,6391,-0.765527950310559,12.39049093140192,0.011995528455717941
roi,6409,-0.8392048670062252,12.236177723552032,0.0037125543073135425
roi,657,-1.3723405289140547,15.89837972501494,0.008121518438939268
roi,6583,-0.45191697216703874,8.457383811349558,0.000337748934495119
roi,686,-0.7140889536300722,11.128031117767058,0.002948405601283288
roi,6924,-1.1828019625672501,14.84340814209515,0.0009185836622797039
roi,6948,-1.371807237854983,15.861340722110633,0.003404990092610305
roi,7003,-1.2714227381438488,15.319390560384022,0.002900775748558182
roi,7022,-0.14771767810026384,4.711552286348308,0.0001227057945853982
roi,7025,-1.0060099573257468,13.495578842626735,0.003069535568771098
roi,7045,-1.2642213031391958,15.244328005997446,0.007112935186386338
roi,7182,-0.1180952380952381,4.371337297303242,0.0006456246991763948
roi,7228,-1.1014840560520798,14.203513693373196,0.001968737435636636
roi,724,-0.17811137310415115,5.1240845858860595,0.0002959061520697581
roi,7259,-0.8886255924170616,12.679179857403355,0.003357264874328969
roi,726,-1.3311517229842758,15.656836317100428,0.003443168376147443
roi,7311,-0.1481447281345707,4.700077955758815,0.00028801567884906287
roi,7383,-1.3468097618347543,15.793218895054878,0.001205378717144101
roi,7499,-1.0789569160997732,13.989832339680554,0.0021769280973916727
roi,7542,-0.13093128760295175,4.3132928483374045,5.723077061436932e-05
roi,7888,-0.14291244155686442,4.570070326563311,9.647590529393568e-05
roi,7918,-1.0897727272727273,14.06748940017259,0.002094400209242342
roi,8065,-0.1438468687985129,4.584025101455602,0.00030785894665563696
roi,8104,-1.2663010786113191,15.335662996106763,0.007398308723174485
roi,8110,-1.3722543662273652,15.887307730147413,0.009488942421054358
roi,814,-0.9627425044091711,13.085718408476751,0.0037822164097817135
roi,8329,-0.14653461252171035,4.677214873584518,0.00013000130082341244
roi,8411,-0.1985294117647059,5.594884032177696,0.0002952287428128475
roi,8436,-1.0832722832722834,14.080086188989085,0.004527180570051859
roi,8526,-0.1136,4.054280300645871,0.0007363295301080486
roi,8626,-1.0378787878787878,13.788511622818802,0.0023976561584060363
roi,8694,-1.0299850968703428,13.656229438831154,0.0010325928409260499
roi,8721,-1.1181840135233034,14.310564770203875,0.0021821860399157123
roi,8794,-0.17788461538461536,4.797453985458112,0.0006265245225015592
roi,8943,-1.0095001393663479,13.640939819923958,0.00294406675231329
roi,8998,-1.1635726939397684,14.594102493943822,0.01183656726815252
roi,904,-0.962284153328797,13.330868359640803,0.0020550275695607745
roi,9043,-0.1348314606741573,4.447955895317648,0.00016885736034277787
roi,9139,-1.3919223219802987,15.97972451538022,0.0027612919789751222
roi,9208,-1.1224316073734881,14.358285757079706,0.0016004413713816001
roi,9224,-0.1609917355371901,4.88945709235179,0.00017041572863574217
roi,9314,-0.7894736842105263,12.57945094964633,0.009513078599066471
roi,9397,-1.3720750074488433,15.904379554438592,0.014785346383626718
roi,942,-1.3230396013637555,15.629885592095782,0.0034852954927271362
roi,959,-1.2780508131825035,15.341525864993265,0.007383616954589556
roi,9650,-1.056491456803678,13.857444788673632,0.00145812235426368
roi,9673,-1.209187423438138,14.959204623001199,0.00325472082388667
roi,981,-1.3700704190575894,15.885365102105254,0.011650360588374764
roi,9910,-1.1363131935881627,14.523926571140912,0.0008713518853141755
roi,992,-0.9042644047804509,12.994585761759083,0.0011546728983029553
whole_image,0d0e4dbe84356f8ec4a4ff7616b4850f,-0.8070683593750001,12.21599686711481,0.018088947698024715
whole_image,0d30dc1e0070e7a934f39452e3ad3b83,-1.0590577005119455,14.175627583425872,0.02821116889932318
whole_image,144e272e04daf6ac8d36548ea766da37,-0.838409375,12.836520970117832,0.020671034910853425
whole_image,15acee7728e6530dfa2bd01521c7148d,-1.208373287671233,15.550245226143957,0.024216238981946914
whole_image,18ca65f3991cd9e0339abe5d0dcdfc71,-0.2443883089598012,6.436746641667504,0.003929045798780839
whole_image,18e91ea53a6b6829c70ae2d762605c21,-0.9847457320601852,14.152015333920126,0.02749360215325347
whole_image,18ee5156937f823acee35e15110c6521,-0.9275808299506128,13.563398880729771,0.021284166876403665
whole_image,191af4a0c5c47c05b06b88f7d6ec671d,-1.0834263992590079,14.651007659367245,0.023945489309220913
whole_image,1d8f4d5daf11f2b01695b71a862aa813,-1.1998086270114874,15.108003011779346,0.026095738003473645
whole_image,21cc15968368582b548bdc50f24d1ce5,-1.128232150607639,15.57172515688756,0.028851127316234626
whole_image,2a3cc19a099f06f80007cceb75d43bf0,-1.2463561141896051,15.315807011651977,0.02312786132091771
whole_image,2d6d1b01427ec2acbdbc2149559585fa,-0.8568101252589763,12.600750691277966,0.017039505660908727
whole_image,2fa7906cc0d122c8ef0a654409b5e1d2,-0.10637854228182414,4.071529882356607,0.0015678167692259048
whole_image,324c908cb345ed14be7a468a56f1ceba,-1.031529857494213,14.284063124687911,0.029226031340418457
whole_image,3a59363995006fd88ee83584b1e3f6e7,-1.1152521696654745,14.591206213924124,0.025448968790655724
whole_image,3fd3aa2d64f365c666ce7de3d5352226,-1.0028126487073776,14.570200978587188,0.02210963521620568
whole_image,45fad4fe08460cf9aec10986ba13c582,-0.11019346449110243,4.333070815316773,0.0014948266747299988
whole_image,472b196c9371aa9d6e9d23ccf82936c2,-1.201339717845742,15.120445602844882,0.026357190885108683
whole_image,498ac0c4815a890629cf509446a47238,-0.11849127875434029,4.405837827161683,0.0016657591928920246
whole_image,4b001bab36d94f73c1ead3ab74690dbc,-0.6552798473997502,11.128584944094769,0.015211976609944444
whole_image,513203e29fe43941076e37a945e58c36,-0.4610569480440416,8.595136697395688,0.00715778215703311
whole_image,5156d69e540648eb952371ec5c80bc81,-0.9777613451204437,13.763440176562291,0.020964046844448303
whole_image,5e7edf8a5f636b67a2a854b284360cfa,-0.11822404035433072,4.327721271013495,0.0016382400174168588
whole_image,61e0b38cea96d57adb044ac496e556ff,-1.2555361476894753,15.284479674631946,0.026838481624532062
whole_image,63236a382e8f97864ea5af5d1c7a5d5a,-0.527018180515412,9.822347933158952,0.010653056318245535
whole_image,6d80520d7518642b92a089b028407104,-0.9516841796875001,13.456900885526252,0.02492550825329598
whole_image,781337185d4b99902d0ebfd2867feab8,-0.8240305961029426,12.782358985669482,0.01769561181438939
whole_image,7978725e43f1b301551e0fdbc32faef5,-0.11666564140419948,4.3217155682698305,0.0015644760108076694
whole_image,7ac7db2d39f2342de386188e72cd0a72,-1.1063607151363233,14.818776234066874,0.024368720626225193
whole_image,7b87ff45f630da27a103b7e587bc6fd1,-0.15341875288221574,5.046571216530211,0.0022699052480267268
whole_image,7c42de6dd248ce53880debab2567b521,-1.1045395802250695,14.547344135814974,0.0216833386016263
whole_image,862f0aaa5644a8a01e86ff585005a259,-1.1467597113715278,15.224123801246499,0.031664159772149536
whole_image,8b09d4ec88d8372bded8547543dbbf24,-1.1900915376758072,15.104607265949902,0.026697949585069214
whole_image,8d6a0dcadf3c7322e146e729f4ac4ebf,-0.9398447629516884,13.275376270865216,0.025821151154400757
whole_image,90294c2e98cf161d97c32633e5a67ab1,-1.002205328507445,13.95828002661078,0.023321886319673024
whole_image,9378e938afe891b372d0d7a1924c7aa5,-0.09966797298855251,4.333129202192083,0.0013450479797035841
whole_image,93cb971f3c5504f1362de4367f9199d1,-0.4721546180450503,8.698870521512383,0.0077002302650399646
whole_image,9c9f556eea533f066368e0f4a452bee7,-1.1934138807998749,14.975020027488505,0.025084746701173555
whole_image,a330d6606525415c5e462b9e13ca8452,-0.95254046142642,13.775383468925106,0.022173025758029485
whole_image,aea448a9f33bf9919de6c74e0aa488e7,-0.9133333144618897,13.555612506296555,0.021872487383455375
whole_image,afb6230703512afc370f236e8fe98806,-0.11103502809219161,4.3971056343289305,0.0014739809238651924
whole_image,b0bef1b57611726c4b0c636264fe5061,-1.2602787994232774,15.308594435286416,0.029219499212451594
whole_image,b1f71b5ef16dce633e4033237b761cdf,-0.8956650390625,12.953175335766986,0.022561106980224843
whole_image,b3f4af84fa71fe204eb105ce430deef3,-0.6629943502824859,11.05468125211523,0.015282500552860068
whole_image,b770403a1d0ab861f1944f8b896afcae,-1.1459126826687827,14.740422025688744,0.025642085471761833
whole_image,b8322e1a06179954c5b5f5ed05083c05,-1.1754187102633968,14.982562669614254,0.026570248765551696
whole_image,ba683c0053ad11332810ecc509b6c17b,-0.20933776779617166,5.621955123009954,0.0029924821997573403
whole_image,bd24133a5c72fdd62ad820445627b718,-0.11637506450286875,4.276121586694188,0.0016020563953672573
whole_image,c26185210303f6c638a4ac60e635df21,-0.8786328124999999,13.004115751987683,0.022344128019765264
whole_image,c2c54eed2dd73e20ef0e5af5a4aa1feb,-1.0744480889458463,14.364993113267204,0.02568288226511284
whole_image,c9e29220b5d0f9cfdb250f0872648a89,-0.20907851439101438,5.721364362448959,0.0029962387390265466
whole_image,cb8fd53c4498aa62dd48c184beb050bd,-0.760718074845679,12.105290820059636,0.01894499834166996
whole_image,cdfac35a0800774db5fe8a6354df64ef,-0.12424668840223098,4.4165121157887555,0.001696464508153972
whole_image,d2e80d6cae14b72a824f1ac625d23472,-1.032094,14.016458062747638,0.02326864159058606
whole_image,dcb081bb5e1dac41000e96fc37c8c322,-0.4295360391883489,8.341581437861478,0.006440893029343586
whole_image,de15c0fca6c7441dd089122ad074a7f3,-1.3127308786651235,15.80375343820306,0.03136285057856336
whole_image,df5aa1123fb533c8865b8eaf0bb9c5c8,-0.2572656240325916,6.72550072762521,0.004048651810762416
whole_image,e2de831b92a2dc7237d2b1885ee4bb9c,-0.9114610256206344,13.106501683091338,0.024248132408386636
whole_image,e4dec9c7cb04e431f5c3b41430030184,-1.0157874950450592,13.703965318657694,0.021060532980945568
whole_image,e99ba43b91cf30a1df2c4c4adfe7c3b1,-0.2105631015704154,5.645283991273445,0.0029323363120022927
whole_image,f42000d2ffb02c74c696fba7678c51a6,-1.1004952136381174,15.61412581665516,0.027338796536739762
whole_image,f52ec4da5edc58fc2f93c00316c38fe7,-1.0407814207650274,14.5929665142111,0.02014769146685058
whole_image,fd80612e19d0c248b8477125cba4a350,-1.2466392988040123,15.740211823685833,0.029028481102102544
whole_image,ff612a13f0bf475515259b986735c4e4,-0.8312485207314954,12.854491025977993,0.018521432515009595
