image_id,in_labeled_1pct,in_labeled_5pct,in_labeled_10pct,in_labeled_20pct,zero_gt,annotation_count,class_count
1,0,0,0,0,0,5,4
4,0,0,0,0,0,17,7
5,0,0,0,0,0,6,2
7,0,0,0,0,0,11,4
8,0,0,0,0,1,0,0
9,0,0,0,0,0,7,4
11,0,0,0,0,0,12,4
12,0,0,0,0,0,9,5
13,0,0,0,0,0,5,2
15,0,0,0,0,0,9,5
16,0,0,0,0,0,5,5
17,0,0,0,1,1,0,0
18,0,0,0,0,0,8,5
20,0,0,0,0,0,6,2
21,0,0,0,0,0,8,4
24,0,0,0,0,0,18,8
25,0,0,0,1,0,8,5
26,0,0,0,0,0,3,2
27,0,0,0,0,0,6,4
28,0,0,0,0,0,7,5
29,0,0,0,0,1,0,0
30,0,0,1,1,0,5,2
31,0,0,0,0,0,7,4
32,0,0,0,0,0,3,1
33,0,0,0,0,1,0,0
34,0,0,0,0,0,15,6
36,0,0,0,0,0,3,2
37,0,0,0,0,0,14,5
38,0,0,0,1,0,6,2
42,0,0,0,0,0,6,4
43,0,0,0,0,0,12,6
44,0,0,0,0,0,3,1
45,0,0,0,0,0,7,3
46,0,0,0,0,0,10,5
47,0,1,1,1,0,8,4
48,0,0,0,1,0,3,1
51,0,0,0,0,0,23,3
52,0,0,0,0,0,5,2
53,0,0,0,1,0,18,4
57,0,0,0,0,0,5,2
58,0,0,0,0,0,14,7
59,0,0,0,0,0,7,3
60,0,0,0,0,1,0,0
62,0,0,0,0,0,7,4
63,0,0,0,0,0,6,2
64,0,0,0,0,0,6,2
66,0,0,0,0,1,0,0
68,0,0,0,0,0,7,3
69,0,0,0,0,0,9,4
70,0,0,0,0,0,5,2
71,0,0,0,0,0,19,8
72,0,0,0,0,0,8,5
74,0,0,0,0,1,0,0
75,0,0,0,0,0,5,2
76,0,0,0,0,0,6,2
77,0,0,0,0,0,5,2
79,0,0,0,0,0,5,2
80,0,0,0,0,0,5,3
81,0,0,0,0,0,10,5
83,0,0,0,0,0,6,2
85,0,0,0,0,0,7,3
86,0,0,0,0,0,3,1
87,0,0,0,0,0,3,1
89,0,0,0,0,0,8,5
91,0,1,1,1,0,8,3
92,0,0,0,0,0,6,2
93,0,0,1,1,0,6,5
94,0,0,0,0,0,3,1
96,0,0,0,1,0,4,2
97,0,0,0,0,0,5,2
98,0,0,0,0,0,6,3
99,0,0,0,0,0,6,2
100,0,0,0,0,0,8,4
101,0,0,0,0,0,9,3
102,0,0,0,0,0,5,2
103,0,0,0,0,0,8,5
106,0,0,0,0,0,8,3
107,0,0,0,0,0,9,3
109,0,0,0,0,0,7,3
110,0,0,0,0,0,5,2
111,0,0,0,0,0,8,3
112,0,0,0,0,0,8,4
113,0,0,0,0,0,3,2
114,0,0,0,0,0,6,1
117,0,0,0,0,0,9,3
118,0,0,0,0,0,5,2
120,0,0,0,1,0,10,5
121,0,0,0,0,0,5,3
122,0,0,0,0,0,9,6
123,0,0,0,0,0,9,7
124,0,0,0,0,0,21,6
125,0,0,0,0,0,6,2
129,0,0,0,0,0,9,4
132,0,0,0,0,1,0,0
133,0,0,0,0,0,19,5
136,0,1,1,1,0,6,3
139,0,0,0,0,0,9,2
140,0,0,0,0,0,6,5
142,0,0,0,0,0,8,4
143,0,0,0,0,0,8,4
144,0,0,0,0,0,6,2
145,0,0,0,0,0,4,3
146,0,0,0,0,0,8,2
150,0,0,0,0,0,6,2
151,0,0,0,0,0,6,4
152,0,0,0,0,0,6,2
153,0,0,0,0,0,4,2
155,0,0,0,0,0,9,2
157,0,0,0,0,0,7,5
158,0,0,0,0,0,9,5
160,0,0,0,0,1,0,0
161,0,0,0,0,0,9,6
163,0,0,0,0,0,7,2
164,0,0,0,0,0,11,3
165,0,0,0,0,0,4,2
167,0,0,0,0,0,6,4
169,0,1,1,1,0,16,8
170,0,0,0,0,0,5,3
171,0,0,0,0,0,6,2
173,0,0,0,0,0,7,3
174,0,0,0,0,0,5,4
175,0,0,0,0,0,16,6
176,0,0,0,1,0,7,4
177,0,0,0,0,0,4,2
178,0,0,0,0,0,5,3
179,0,0,0,0,0,5,2
180,0,0,0,0,0,11,5
181,0,0,0,0,0,5,2
184,0,0,0,0,0,8,5
185,0,0,0,0,0,4,2
186,0,1,1,1,0,8,4
189,0,0,0,0,0,5,2
192,0,0,1,1,0,3,1
193,0,0,0,0,0,10,7
195,0,0,0,0,0,4,2
196,0,0,1,1,0,13,5
197,0,0,0,0,0,6,2
199,0,0,0,0,0,4,2
200,0,0,0,0,0,10,4
204,0,0,0,1,0,6,2
205,0,0,0,0,0,6,3
206,0,0,0,0,0,6,2
207,0,0,0,0,1,0,0
208,0,0,0,0,0,6,3
209,0,0,0,0,0,3,1
211,0,0,0,0,0,15,5
212,0,0,0,1,0,13,4
214,0,0,0,0,0,27,8
215,0,0,0,0,0,9,4
218,0,0,0,0,0,4,2
219,0,0,0,0,0,10,5
220,0,0,0,0,0,9,5
221,0,0,0,0,0,6,3
222,0,0,0,0,0,9,3
223,0,0,0,0,0,4,2
224,0,0,0,1,0,7,3
225,0,0,0,0,0,14,6
226,0,0,0,1,0,3,1
227,0,0,0,0,0,3,2
228,0,0,0,0,0,6,3
229,0,1,1,1,0,8,5
230,0,1,1,1,0,6,1
231,0,0,0,0,0,8,4
234,0,0,0,0,0,3,1
236,0,0,0,1,0,13,6
237,0,0,0,1,0,6,2
238,0,0,0,0,0,15,6
239,0,0,0,0,1,0,0
240,0,0,0,0,0,11,6
241,0,0,0,0,0,3,1
242,0,0,0,0,0,17,7
243,0,0,0,1,0,7,3
244,0,0,0,1,0,28,10
246,0,0,0,0,0,5,3
247,0,0,0,0,0,4,2
248,0,0,0,0,0,9,3
249,0,0,0,0,0,6,2
250,0,0,0,0,0,7,3
252,0,0,0,0,1,0,0
253,0,0,0,0,0,3,1
255,0,0,0,0,1,0,0
257,0,0,0,0,0,28,5
258,0,0,0,0,0,7,3
260,0,0,0,1,0,6,3
261,0,0,0,0,0,4,2
262,0,0,0,0,0,17,5
263,0,0,0,0,0,5,4
264,0,0,0,0,0,10,3
265,0,0,0,0,0,11,7
267,1,1,1,1,0,4,2
268,0,1,1,1,0,6,2
269,0,0,0,0,0,7,4
271,0,0,0,0,0,3,2
272,0,0,0,0,0,13,6
274,0,0,0,0,0,5,2
275,0,0,1,1,0,6,2
277,0,0,0,0,0,13,5
278,0,0,0,0,0,10,4
279,0,0,1,1,0,5,2
280,0,0,0,0,0,4,3
281,1,1,1,1,0,12,5
284,0,0,0,0,0,6,2
286,0,0,0,0,0,7,3
287,0,1,1,1,0,9,4
288,0,1,1,1,1,0,0
290,0,0,0,0,0,10,2
291,0,0,0,0,0,6,2
292,0,0,0,1,0,15,8
294,0,1,1,1,0,3,1
295,0,0,0,0,0,3,1
296,0,0,0,0,0,6,4
297,0,0,0,0,0,4,3
298,0,0,0,0,0,5,2
299,0,0,1,1,0,6,2
300,0,0,1,1,0,4,2
301,0,0,0,0,0,3,1
302,0,0,0,0,1,0,0
305,0,0,0,0,0,9,4
306,0,0,0,0,0,7,3
308,0,0,0,0,1,0,0
309,0,0,0,0,1,0,0
310,0,0,0,0,0,4,2
312,0,0,0,0,0,5,1
313,0,0,0,1,0,4,2
314,0,0,0,0,0,19,5
315,0,0,0,0,0,3,3
316,0,0,0,0,0,5,4
319,0,0,0,0,0,6,2
321,0,0,0,0,0,5,3
322,0,0,0,0,0,8,4
323,0,0,0,0,0,6,3
324,0,0,0,0,0,6,3
325,0,0,0,0,0,6,4
326,0,0,0,0,0,8,3
328,0,0,0,0,0,7,3
329,0,0,0,0,0,5,3
331,0,0,0,0,0,4,2
333,0,0,0,0,0,3,1
334,0,0,0,0,0,8,3
335,0,0,0,0,0,6,3
336,0,0,0,0,0,7,3
337,0,0,0,0,0,5,3
340,0,0,0,0,1,0,0
341,0,0,0,0,0,4,1
343,0,0,0,0,0,4,2
344,0,0,0,0,0,3,1
345,0,0,0,1,0,6,2
346,0,0,0,0,0,5,2
348,0,0,0,0,0,3,1
349,0,0,0,0,0,4,2
350,0,0,0,0,0,10,5
351,0,0,0,0,0,10,2
352,0,0,0,0,0,7,3
354,0,0,0,0,0,14,4
355,0,0,1,1,0,10,4
356,0,0,0,0,0,5,3
357,0,0,0,0,0,12,3
358,0,0,0,0,0,18,6
359,0,0,0,0,0,11,6
361,0,0,0,0,0,6,3
362,0,0,0,0,0,6,2
364,0,0,0,0,0,6,2
365,0,0,0,0,0,11,7
366,0,0,0,1,0,6,3
367,0,1,1,1,0,13,4
368,0,0,0,0,1,0,0
369,0,0,0,0,0,11,3
371,0,0,1,1,0,4,2
372,0,0,0,0,0,4,2
373,0,0,0,0,0,9,3
374,0,0,0,0,0,7,2
375,0,0,0,0,0,19,3
377,0,0,0,0,0,9,5
378,0,0,0,0,0,7,3
379,0,0,0,0,0,5,3
380,0,0,0,0,0,19,5
381,0,0,1,1,0,5,3
382,0,0,0,0,1,0,0
383,0,0,0,1,0,5,2
384,0,0,0,0,0,7,3
386,0,0,0,0,0,8,2
387,0,0,0,0,0,16,6
388,0,0,0,0,0,3,1
393,0,0,0,0,0,12,5
394,0,0,0,0,0,8,4
395,0,0,0,0,0,8,5
397,0,0,0,0,0,5,2
398,0,0,0,0,0,8,2
401,0,0,0,0,0,19,6
402,0,0,0,1,0,9,6
403,0,0,0,0,0,6,3
404,0,0,0,0,0,7,3
405,0,0,0,0,0,5,2
406,0,0,0,1,0,6,2
407,0,0,0,0,0,3,1
409,0,1,1,1,0,3,1
410,0,0,0,0,0,8,3
411,0,0,0,0,0,19,7
412,0,0,0,0,0,5,2
413,0,0,0,0,0,8,5
414,0,0,0,0,0,14,7
415,0,0,0,0,0,24,5
416,0,0,0,0,0,4,3
417,0,0,0,0,1,0,0
419,0,0,0,0,0,5,3
420,0,0,0,0,0,19,6
421,0,0,0,0,0,4,2
422,0,0,0,0,0,3,1
423,0,0,1,1,0,9,5
425,0,0,0,0,0,4,2
427,0,0,0,0,0,22,6
430,0,0,1,1,0,20,9
431,0,0,0,1,0,15,5
433,0,0,0,0,0,8,4
434,0,0,0,0,0,5,2
435,0,0,0,0,0,6,2
437,0,0,0,0,0,6,3
438,0,0,0,0,1,0,0
439,0,0,0,0,0,5,2
440,0,0,0,0,0,6,3
443,0,0,0,0,0,8,7
444,0,0,0,0,1,0,0
446,0,0,0,0,0,10,4
450,0,0,0,0,1,0,0
451,0,0,0,0,0,11,5
452,0,0,0,0,0,7,3
453,0,0,0,0,0,8,3
454,0,0,0,0,0,7,2
457,0,0,0,0,0,3,3
458,0,0,0,1,0,9,5
460,1,1,1,1,0,28,4
461,0,0,0,0,0,22,8
462,0,0,0,0,0,3,1
463,0,1,1,1,0,6,4
464,0,0,0,0,0,6,2
465,0,0,0,0,0,7,3
466,0,0,0,0,0,6,4
467,0,0,0,0,0,4,2
468,0,0,0,0,0,11,5
469,0,0,0,0,0,9,4
470,0,1,1,1,0,10,5
472,0,0,0,0,1,0,0
473,0,0,0,0,0,3,1
474,0,0,0,0,0,4,2
477,0,0,0,0,0,10,4
479,0,0,0,0,0,4,2
480,0,0,0,0,0,3,1
482,0,0,0,0,0,9,3
483,0,0,1,1,0,9,3
484,0,0,0,1,0,4,3
485,0,0,0,0,0,6,3
486,0,0,0,0,0,14,6
487,0,0,0,0,0,3,1
490,0,0,0,0,0,13,6
491,0,0,0,0,1,0,0
492,0,0,1,1,0,3,1
495,0,0,0,0,0,13,4
496,0,0,0,0,0,9,4
498,0,0,0,0,0,9,5
499,0,0,0,0,0,7,5
502,0,0,0,0,0,6,3
503,0,0,0,0,0,9,4
506,0,0,0,0,0,6,2
507,0,0,0,1,0,7,3
508,0,0,0,0,0,4,2
509,0,0,0,0,0,4,2
510,0,0,0,0,0,24,6
512,0,0,0,0,0,7,3
516,0,0,0,1,0,8,4
517,0,0,0,1,1,0,0
518,0,0,0,0,0,13,7
519,0,0,0,0,0,7,2
520,0,0,0,0,0,4,2
526,0,0,0,0,0,4,2
527,0,0,0,0,0,8,6
528,0,0,0,0,0,6,4
529,0,0,0,0,1,0,0
531,0,0,0,0,1,0,0
532,0,0,0,0,0,8,5
533,0,0,0,0,0,3,2
534,0,0,0,0,0,6,3
535,0,1,1,1,0,10,5
536,0,0,0,0,1,0,0
537,0,0,0,0,0,11,5
538,0,0,0,0,0,9,2
539,0,0,0,0,1,0,0
540,0,0,0,0,0,3,1
541,0,0,0,0,0,14,5
542,0,0,0,0,0,7,3
543,0,0,0,0,0,9,3
544,0,0,0,0,1,0,0
545,0,0,0,0,1,0,0
546,0,0,0,0,0,5,2
547,0,0,0,0,0,24,6
548,0,1,1,1,0,10,6
550,0,1,1,1,1,0,0
551,0,0,0,0,0,6,3
552,0,0,0,0,1,0,0
553,0,0,0,0,0,6,3
554,0,0,1,1,0,16,5
555,0,1,1,1,0,12,5
556,0,0,0,0,0,18,7
557,0,0,0,0,0,13,7
559,0,1,1,1,0,10,5
560,0,0,0,0,1,0,0
562,0,0,0,0,0,4,2
563,0,0,0,0,0,18,7
564,0,0,1,1,0,6,1
565,0,0,0,0,0,4,2
566,0,0,0,1,0,13,5
568,0,0,0,0,0,11,5
569,0,0,0,0,0,11,3
570,0,0,0,1,0,5,2
571,0,0,0,0,0,6,2
572,0,0,0,0,0,6,2
574,0,0,1,1,0,6,4
576,0,0,0,0,0,9,4
577,0,0,0,0,0,3,1
578,0,0,1,1,0,7,3
579,0,0,0,0,0,7,3
583,0,0,0,1,0,8,3
585,0,1,1,1,0,9,3
586,0,0,0,1,0,10,3
587,0,0,0,0,0,8,4
589,0,0,0,0,0,16,4
590,0,0,0,0,0,7,3
592,0,0,0,0,0,7,2
594,0,0,0,0,1,0,0
595,0,0,0,0,0,6,2
596,0,0,0,0,1,0,0
597,0,0,0,0,0,6,2
598,0,0,0,0,0,16,6
599,0,0,0,0,0,3,1
600,0,0,0,0,0,8,4
601,0,0,0,1,0,12,5
603,0,0,0,1,0,7,4
604,0,0,0,0,0,6,2
606,0,0,0,0,0,6,4
607,0,0,0,0,0,8,4
609,0,0,0,0,1,0,0
610,0,0,0,0,1,0,0
611,0,0,0,0,0,6,3
612,0,0,1,1,0,5,3
613,0,0,0,0,0,17,6
614,0,0,0,0,1,0,0
615,0,0,0,0,0,5,2
616,0,0,0,0,1,0,0
617,0,0,0,0,0,6,3
618,0,0,0,1,0,11,6
619,0,0,0,0,0,4,2
620,0,0,0,0,0,3,1
621,0,0,0,0,0,4,2
622,0,0,0,0,0,7,3
623,0,0,0,0,0,5,2
625,0,0,0,0,1,0,0
626,0,0,0,0,0,6,3
627,0,0,0,0,0,6,2
628,0,0,0,0,0,3,1
630,0,0,0,0,0,12,4
631,0,0,0,0,0,5,3
632,0,0,0,0,0,4,2
633,0,0,0,0,0,11,5
634,0,0,0,0,0,13,7
636,0,0,0,0,0,9,5
637,0,0,0,0,0,7,4
638,0,0,0,0,0,4,3
640,0,0,0,0,0,12,4
641,0,0,0,0,0,8,4
643,0,0,0,0,0,7,5
644,0,1,1,1,0,16,5
645,0,0,0,0,0,15,7
648,0,0,0,0,0,22,6
649,0,0,0,0,0,4,2
650,0,0,0,0,0,6,3
651,1,1,1,1,0,4,4
652,0,0,0,0,0,8,3
653,0,0,0,0,0,5,2
654,0,0,0,0,0,6,3
655,0,0,0,0,0,7,3
656,0,0,0,0,0,7,4
657,0,0,0,0,0,4,2
658,0,0,1,1,0,5,2
659,0,0,0,0,0,6,2
665,0,0,0,0,0,3,1
666,0,0,0,0,0,5,4
667,0,0,1,1,0,17,8
669,0,0,0,0,1,0,0
670,0,0,0,0,0,6,2
671,0,0,0,0,0,8,3
672,0,0,0,0,0,22,7
674,0,0,0,0,0,8,3
676,0,0,0,0,0,14,8
677,0,0,1,1,0,12,4
678,0,0,0,0,0,5,3
679,0,0,0,0,0,9,3
680,0,0,1,1,0,8,4
681,0,1,1,1,0,5,2
682,0,0,0,0,0,9,4
683,0,0,0,0,0,9,2
684,0,0,0,0,0,3,1
685,0,0,0,0,0,7,4
686,0,0,0,0,0,9,5
690,1,1,1,1,0,7,4
691,0,0,0,0,0,10,6
692,0,0,0,0,0,13,4
694,0,0,0,0,0,5,2
695,0,0,0,0,0,7,3
696,0,0,0,1,0,6,4
697,0,0,0,0,0,4,2
700,0,0,0,0,0,12,6
701,0,0,0,0,0,14,5
704,0,0,0,0,0,5,2
706,0,0,0,0,0,4,2
709,0,0,0,0,0,16,8
712,0,0,0,0,0,8,2
713,0,0,0,0,0,7,3
714,1,1,1,1,0,18,5
719,0,0,1,1,1,0,0
720,0,1,1,1,0,5,3
721,0,0,0,0,0,9,4
722,0,0,0,0,0,6,3
725,0,0,0,0,1,0,0
726,0,0,0,0,1,0,0
728,0,0,0,0,0,5,2
729,0,0,0,0,0,4,2
732,0,0,0,0,0,4,2
733,0,0,0,0,0,9,5
734,0,0,0,0,1,0,0
735,0,0,0,0,0,7,3
737,0,0,0,0,0,5,2
739,0,0,0,0,0,8,2
742,0,0,0,0,0,11,6
743,0,0,1,1,0,15,6
745,0,0,0,0,0,7,3
746,0,0,0,0,0,6,3
747,0,0,0,0,0,3,1
748,0,0,0,0,0,7,3
753,0,0,0,0,1,0,0
755,0,0,0,0,0,4,2
756,0,0,0,0,0,5,2
757,0,0,0,1,0,5,2
759,0,0,0,0,0,3,1
760,0,0,0,0,0,33,7
762,0,1,1,1,0,5,2
764,0,0,0,0,0,5,2
765,0,0,0,1,0,13,6
766,0,0,0,0,1,0,0
767,0,0,0,0,0,6,3
771,0,0,0,0,0,6,2
773,0,0,0,1,0,11,5
774,0,0,0,0,0,7,5
775,0,0,0,0,0,5,2
776,0,0,0,0,0,22,5
777,0,0,0,1,0,9,5
778,0,0,0,0,0,5,3
779,0,0,0,0,0,7,3
781,0,0,0,1,0,5,4
783,0,0,0,0,0,6,4
784,0,0,0,0,1,0,0
786,0,0,0,1,0,19,6
787,0,0,0,0,0,3,1
788,0,0,0,0,0,6,3
790,0,0,0,0,1,0,0
791,0,0,0,0,0,21,7
792,0,0,0,0,1,0,0
793,0,0,0,0,0,6,3
795,0,0,0,0,0,8,4
797,0,0,0,0,1,0,0
798,0,1,1,1,0,4,2
799,0,0,1,1,0,5,2
800,0,0,0,0,0,8,2
801,0,0,0,0,0,9,5
802,0,0,0,0,0,6,2
803,0,0,0,0,0,8,4
804,0,0,0,0,0,8,3
805,0,0,0,0,0,6,3
806,0,0,0,0,0,11,4
808,0,0,0,0,0,12,4
809,0,0,0,0,0,6,3
810,0,0,0,0,0,8,4
811,0,0,0,0,0,7,3
812,0,0,0,0,0,3,2
813,0,0,0,1,0,8,4
814,0,0,0,0,0,3,2
815,0,0,0,0,0,9,4
816,0,0,0,0,0,6,3
817,0,0,0,0,0,8,3
818,0,0,0,0,0,28,4
819,0,0,0,0,0,5,2
823,0,0,0,0,0,11,6
827,0,0,0,0,1,0,0
829,0,0,0,0,0,23,5
830,0,0,0,0,0,6,2
831,0,0,0,0,0,9,7
832,0,0,1,1,0,11,3
833,0,0,1,1,1,0,0
834,0,0,0,0,0,3,2
836,0,0,0,0,0,6,3
837,0,0,0,0,0,10,6
839,0,0,0,0,0,6,2
841,0,0,0,0,0,6,2
842,0,0,1,1,0,6,2
843,0,0,0,1,1,0,0
844,0,0,0,0,1,0,0
845,0,0,0,0,0,5,3
847,0,0,0,1,0,13,8
848,0,1,1,1,0,3,1
851,0,0,0,0,0,4,2
853,0,0,0,0,0,8,2
855,0,0,0,0,0,13,5
857,0,0,0,0,0,8,6
858,0,0,0,0,0,8,4
860,0,0,0,0,0,3,1
863,0,0,0,1,0,5,3
864,0,1,1,1,0,15,3
865,0,0,0,0,0,3,1
866,0,0,0,0,0,8,4
867,0,0,0,0,0,4,2
870,0,0,0,0,1,0,0
872,0,0,0,0,0,6,2
873,0,0,0,0,0,6,3
874,0,0,0,0,0,6,3
877,0,0,0,0,0,3,1
878,0,0,0,1,0,4,3
880,0,0,0,0,0,10,4
881,0,0,0,0,0,18,5
882,0,0,0,1,0,3,1
883,0,0,0,0,0,12,4
884,0,0,0,0,0,4,2
887,0,0,0,0,0,28,9
888,0,0,0,0,0,11,3
889,0,0,0,0,0,9,6
890,0,0,0,0,0,5,3
891,0,0,0,0,1,0,0
893,0,0,1,1,0,7,4
894,0,0,0,0,0,6,5
895,0,0,0,0,0,14,7
896,0,0,0,0,0,5,3
897,0,0,0,0,1,0,0
898,0,0,0,1,1,0,0
899,0,0,0,0,0,5,2
900,0,0,0,0,1,0,0
903,0,0,0,0,0,5,2
904,0,0,0,0,0,6,2
905,0,0,0,0,0,3,2
906,0,0,0,0,0,11,5
907,0,0,0,0,0,9,3
908,0,0,0,0,0,14,6
909,0,0,0,0,0,16,5
910,0,0,0,0,0,3,1
911,0,0,0,0,0,14,4
912,0,0,0,0,0,4,2
913,0,0,0,0,0,6,2
914,0,0,0,0,0,13,6
916,0,1,1,1,0,4,2
917,0,0,0,0,0,7,4
918,0,0,0,0,0,5,3
920,0,0,0,0,0,6,2
923,0,0,0,0,0,3,1
924,0,0,0,0,0,8,4
926,0,0,0,0,0,10,4
927,0,0,0,1,0,7,4
928,0,0,1,1,0,8,3
929,0,0,0,0,1,0,0
931,0,0,0,0,0,17,3
932,0,1,1,1,0,14,8
933,0,0,0,0,0,4,2
934,0,0,0,0,0,9,4
935,0,0,0,0,0,3,1
936,0,1,1,1,1,0,0
938,0,0,0,0,0,12,4
942,0,0,0,0,0,12,7
943,0,0,0,0,0,4,3
945,0,0,0,0,0,6,2
946,0,0,0,0,0,17,6
948,0,0,0,0,0,11,5
949,0,0,0,0,0,4,2
950,0,0,1,1,0,6,2
952,0,0,0,0,0,6,2
953,0,0,0,0,0,4,2
955,0,0,0,0,0,6,4
956,0,0,0,0,0,8,4
957,0,0,0,0,0,12,5
959,0,0,0,0,0,3,1
961,0,0,0,0,0,8,5
963,0,0,1,1,0,19,7
964,0,0,0,0,0,12,6
965,0,0,0,1,0,6,2
966,0,0,0,0,0,6,2
967,0,0,0,0,0,24,3
968,0,0,0,0,0,5,4
969,0,0,0,0,0,6,2
970,0,0,0,0,0,11,6
972,0,0,0,0,0,3,2
975,0,0,0,1,0,4,2
977,0,0,0,0,0,5,4
978,0,0,0,0,1,0,0
979,0,0,0,0,0,8,4
980,0,0,0,0,1,0,0
981,0,0,0,0,0,5,3
982,0,0,1,1,0,10,4
986,0,0,0,0,1,0,0
987,0,0,0,0,0,6,3
991,0,0,0,0,0,3,1
992,0,0,0,0,1,0,0
994,0,1,1,1,0,11,4
995,0,0,0,0,1,0,0
997,0,0,0,0,0,10,4
998,0,0,0,1,0,11,6
999,0,0,0,0,0,15,4
1000,0,0,0,0,0,6,2
1001,0,0,0,0,0,9,5
1002,0,0,0,0,0,6,2
1004,0,0,0,0,0,17,5
1007,0,0,0,1,0,6,2
1008,0,0,0,0,0,5,2
1009,0,0,0,0,1,0,0
1010,0,0,0,0,0,6,2
1011,0,0,0,0,0,12,6
1012,0,0,0,0,0,11,4
1014,0,0,0,0,0,4,2
1017,0,0,1,1,0,8,4
1018,0,0,1,1,0,16,5
1019,0,0,0,0,0,7,3
1021,0,0,0,0,0,8,4
1023,0,0,0,0,0,6,2
1024,0,0,0,0,1,0,0
1025,0,0,0,0,1,0,0
1026,0,0,0,0,0,5,2
1027,0,0,0,0,0,5,2
1028,0,0,0,0,0,8,5
1030,0,0,0,1,0,7,3
1031,0,0,0,0,0,13,5
1033,0,0,0,0,0,7,4
1034,0,0,0,0,1,0,0
1035,0,0,0,0,0,7,3
1036,0,0,0,0,1,0,0
1037,0,0,0,0,0,6,2
1039,0,0,0,1,0,4,2
1042,0,0,0,0,0,4,2
1043,0,0,1,1,0,20,5
1045,0,0,0,0,0,6,3
1047,0,0,0,0,0,5,2
1048,0,0,0,0,0,8,4
1049,0,0,0,0,0,16,5
1050,0,0,0,0,0,9,7
1052,0,0,0,0,0,11,6
1053,0,0,0,1,0,6,2
1054,0,0,0,0,0,7,3
1055,0,0,0,0,0,7,3
1056,0,0,0,0,0,7,3
1057,0,0,0,0,0,10,5
1058,0,0,0,0,0,8,3
1062,0,1,1,1,0,9,4
1065,0,0,0,0,0,5,3
1066,0,0,0,0,0,3,2
1068,0,0,0,0,0,7,2
1069,0,0,0,0,0,16,7
1072,0,0,0,1,0,8,3
1075,0,0,0,0,0,10,3
1076,0,0,0,1,0,3,3
1080,0,0,0,1,0,9,3
1081,0,0,0,0,0,8,3
1083,0,0,0,0,0,5,3
1084,0,0,0,0,0,12,6
1085,0,0,0,0,1,0,0
1087,0,0,0,0,0,5,3
1088,0,0,0,0,0,13,6
1089,0,0,0,0,0,11,3
1090,1,1,1,1,1,0,0
1091,0,1,1,1,0,4,2
1093,0,0,0,0,0,12,3
1094,0,0,0,0,0,6,3
1095,0,0,0,0,1,0,0
1096,0,0,0,0,0,12,5
1097,0,0,0,0,0,6,2
1100,0,0,0,0,0,3,2
1102,0,0,0,1,0,5,2
1103,0,0,0,0,0,3,1
1104,0,0,0,0,0,9,5
1105,0,0,1,1,0,6,3
1107,0,0,0,0,0,9,5
1108,0,1,1,1,0,6,2
1109,0,0,0,0,0,15,4
1110,0,0,0,1,0,6,2
1111,0,0,0,0,0,6,2
1113,0,1,1,1,0,11,5
1114,0,0,0,0,1,0,0
1115,0,0,0,0,0,6,3
1116,0,0,0,0,0,7,3
1117,0,0,0,0,0,6,2
1118,0,0,0,0,0,6,3
1120,0,0,0,0,0,11,4
1122,0,0,0,0,0,4,2
1124,0,0,0,0,0,9,6
1126,0,0,0,1,0,5,2
1127,0,0,0,0,0,4,2
1129,0,0,0,0,0,6,2
1130,0,0,0,0,0,7,4
1131,0,0,0,1,0,7,3
1132,0,0,0,0,0,4,2
1133,0,0,0,0,0,3,1
1136,0,0,0,0,0,5,3
1138,0,0,0,0,0,7,3
1142,1,1,1,1,0,4,2
1143,0,0,0,0,0,7,4
1145,0,0,0,0,0,14,5
1146,0,0,0,1,0,5,2
1147,0,0,0,0,0,9,3
1149,0,0,0,0,0,8,4
1150,0,0,0,0,0,9,5
1152,0,0,0,1,1,0,0
1153,0,0,0,0,0,9,5
1155,0,0,1,1,0,7,3
1158,0,0,0,0,0,8,3
1159,0,0,0,0,0,7,2
1160,0,0,0,0,1,0,0
1162,0,0,0,0,0,16,5
1163,0,0,0,0,0,11,4
1164,0,0,1,1,0,12,4
1165,0,0,0,0,0,9,4
1167,0,0,0,0,0,5,4
1168,0,0,0,0,0,16,7
1169,0,0,0,0,0,6,3
1171,0,0,0,1,0,4,2
1173,0,0,0,0,0,8,3
1174,0,0,0,0,0,19,7
1175,0,0,0,0,0,13,5
1176,0,0,0,0,0,9,2
1177,0,0,0,0,0,21,6
1179,0,0,0,0,0,11,6
1180,0,0,0,0,0,7,3
1181,0,0,0,0,0,4,2
1182,0,0,0,0,0,9,4
1184,0,0,0,0,0,9,4
1186,0,0,0,1,0,5,2
1187,0,0,0,0,0,7,4
1188,0,0,0,0,0,4,3
1189,0,0,0,0,0,15,4
1190,0,0,0,0,0,6,3
1193,0,0,0,0,0,3,2
1195,0,0,0,0,1,0,0
1196,0,0,0,0,0,7,3
1197,0,0,0,0,0,10,3
1198,0,0,0,0,0,5,3
1199,0,0,0,0,0,7,4
1201,0,0,0,0,0,17,6
1205,0,0,0,0,0,8,4
1207,0,0,1,1,0,9,3
1208,0,0,0,0,0,8,2
1209,0,0,0,0,0,7,4
1210,0,0,0,0,0,5,2
1211,0,0,0,1,1,0,0
1212,0,0,0,0,0,4,2
1213,0,0,0,0,1,0,0
1214,0,0,0,0,0,4,2
1215,0,0,0,0,0,3,1
1216,0,0,0,0,0,13,3
1217,0,0,0,0,0,6,2
1218,0,0,0,0,0,6,2
1219,1,1,1,1,0,6,2
1221,0,0,0,0,0,4,2
1222,0,0,0,1,0,9,3
1223,0,0,0,0,0,7,3
1225,0,0,0,0,0,6,2
1226,0,0,0,0,0,7,3
1227,0,0,0,1,0,10,3
1228,0,0,0,0,0,5,3
1229,0,0,0,0,1,0,0
1231,0,0,0,0,0,4,2
1232,0,0,1,1,0,4,2
1233,0,0,0,0,1,0,0
1234,0,0,0,0,0,3,1
1236,0,0,0,0,0,9,6
1237,0,0,0,0,0,3,1
1238,0,0,0,0,0,6,1
1239,0,0,0,0,0,10,4
1240,0,0,0,0,0,9,4
1243,0,0,0,0,1,0,0
1244,0,1,1,1,0,6,2
1245,0,0,0,0,0,9,4
1250,0,0,1,1,0,6,2
1253,0,0,0,0,0,7,3
1254,0,0,0,0,0,3,1
1256,0,1,1,1,0,23,5
1258,0,0,0,0,0,11,5
1259,0,0,0,1,0,5,3
1260,0,0,0,0,0,15,4
1261,0,0,0,0,0,6,2
1262,0,1,1,1,0,6,2
1263,0,0,0,0,0,4,2
1264,0,0,0,0,0,19,6
1265,0,0,0,0,0,13,6
1266,0,0,0,0,0,5,3
1269,0,0,0,0,0,9,5
1270,0,0,0,0,0,5,2
1271,0,0,0,1,1,0,0
1273,0,0,0,0,0,5,2
1275,0,0,0,0,0,6,4
1276,0,0,0,0,0,11,4
1277,0,0,0,0,0,8,4
1280,0,0,0,0,1,0,0
1281,0,0,1,1,0,4,3
1282,0,0,0,0,0,8,3
1283,0,0,0,0,1,0,0
1287,0,0,0,0,0,10,2
1289,0,0,0,0,0,10,6
1290,0,0,0,0,1,0,0
1291,0,0,0,1,0,5,3
1292,0,0,0,0,0,6,4
1293,0,0,0,0,0,3,2
1294,0,0,1,1,0,9,4
1295,0,0,0,0,0,8,3
1296,0,0,0,0,0,30,9
1297,0,0,0,0,0,9,3
1299,0,0,0,0,0,13,3
1300,0,0,0,0,0,6,2
1303,0,0,0,0,0,4,2
1304,0,0,0,0,0,4,2
1305,0,0,0,1,0,7,3
1306,0,0,0,0,1,0,0
1307,0,0,0,0,0,4,1
1309,0,0,0,1,0,14,7
1310,0,0,0,0,0,9,6
1311,0,0,0,1,0,6,5
1312,0,0,1,1,1,0,0
1314,0,0,0,0,0,8,3
1316,0,0,0,0,0,10,3
1318,0,0,1,1,0,4,2
1320,0,0,0,1,0,10,5
1321,0,0,0,0,0,6,2
1322,0,0,0,0,0,27,6
1323,0,0,0,0,0,15,7
1324,0,0,0,0,0,11,4
1325,0,0,0,0,0,7,3
1326,0,0,0,0,0,7,4
1327,0,0,0,0,0,6,3
1328,0,0,0,0,0,11,5
1330,0,0,0,0,0,4,2
1331,0,0,0,0,0,7,3
1335,0,0,0,0,0,11,7
1336,0,0,0,0,0,6,2
1339,0,0,0,0,0,11,5
1342,0,0,0,0,1,0,0
1344,0,0,0,0,0,13,3
1345,0,0,0,0,0,6,2
1346,0,0,0,1,0,11,5
1347,0,0,0,1,0,4,3
1348,0,0,0,1,0,6,2
1349,0,0,0,0,0,10,6
1352,0,0,0,1,0,10,3
1354,0,0,0,0,0,7,3
1357,0,0,0,0,0,6,2
1358,0,0,0,0,0,10,4
1359,0,0,0,0,0,4,2
1361,1,1,1,1,0,14,8
1362,0,0,0,0,0,17,8
1363,0,0,0,1,0,6,3
1364,0,0,0,0,0,6,3
1365,0,0,0,0,0,5,2
1366,0,0,0,1,0,5,2
1367,0,0,0,0,0,11,2
1368,0,0,0,0,0,3,1
1369,0,0,0,0,1,0,0
1370,0,0,0,0,0,9,4
1371,0,1,1,1,0,9,2
1372,0,0,0,1,0,4,3
1373,0,0,0,0,0,8,3
1375,0,0,0,1,0,13,3
1376,0,0,0,0,0,3,1
1377,0,1,1,1,0,10,4
1378,0,0,0,0,0,5,2
1379,0,0,0,0,0,3,2
1380,0,0,0,0,1,0,0
1382,0,0,0,0,1,0,0
1383,1,1,1,1,0,7,5
1386,0,0,0,1,0,3,1
1388,0,0,0,0,1,0,0
1392,0,0,0,0,0,5,3
1393,0,0,0,0,0,15,6
1394,0,0,0,1,0,8,3
1395,0,0,0,0,0,4,2
1396,0,0,0,0,0,6,2
1398,0,0,0,0,0,7,3
1399,0,0,0,0,0,5,3
1400,0,0,0,0,0,3,1
1401,0,1,1,1,0,5,3
1403,0,0,0,0,0,6,2
1405,0,0,0,0,0,6,2
1406,0,0,0,0,0,17,5
1407,0,0,0,0,0,7,5
1408,0,0,0,0,0,7,3
1410,0,0,0,0,0,5,2
1412,0,0,0,0,0,5,3
1413,0,0,0,0,1,0,0
1414,0,0,0,0,0,28,6
1415,0,0,0,0,0,4,2
1417,0,0,0,1,0,6,3
1418,0,0,0,0,0,6,1
1420,0,0,0,0,0,8,2
1421,0,0,0,0,0,39,5
1422,0,0,0,0,0,17,6
1425,0,0,0,0,0,6,2
1426,0,0,0,0,0,8,3
1427,0,0,0,0,0,12,5
1428,0,0,0,0,0,6,3
1429,0,1,1,1,0,9,5
1430,0,0,0,0,0,9,4
1433,0,0,0,0,0,10,3
1434,0,0,1,1,0,7,5
1435,0,0,1,1,1,0,0
1436,0,0,0,0,0,5,3
1437,0,0,0,0,0,3,1
1439,0,0,0,0,0,32,6
1440,0,0,1,1,0,8,3
1441,0,0,0,0,0,6,3
1442,0,0,0,0,0,12,5
1445,0,0,0,0,0,5,3
1446,0,0,0,0,0,17,8
1447,0,0,0,0,0,8,5
1449,0,0,0,0,0,4,2
1451,0,0,0,0,0,6,3
1452,0,0,0,0,0,3,1
1456,0,0,0,0,0,6,2
1457,0,0,0,0,0,26,6
1458,0,0,0,0,1,0,0
1459,0,0,0,0,1,0,0
1460,0,1,1,1,0,5,2
1461,0,0,0,0,0,14,3
1462,0,0,0,0,0,4,2
1464,0,0,1,1,0,7,4
1465,0,1,1,1,1,0,0
1466,0,0,0,1,0,6,4
1468,0,0,0,0,0,14,6
1469,0,0,0,0,0,6,4
1470,0,0,0,0,0,6,4
1472,0,0,0,0,0,5,4
1474,0,0,0,0,0,13,6
1475,0,0,0,0,0,10,5
1476,0,1,1,1,1,0,0
1477,0,0,0,0,1,0,0
1478,0,0,0,0,0,3,1
1479,0,0,0,1,0,9,2
1480,0,0,0,0,1,0,0
1481,0,0,0,0,0,5,2
1482,0,0,0,0,0,4,2
1483,0,0,0,0,0,5,3
1484,0,0,0,0,1,0,0
1485,0,0,0,0,0,6,2
1486,0,0,1,1,0,6,2
1488,0,0,0,0,0,9,4
1489,1,1,1,1,0,13,5
1490,0,0,0,0,0,15,7
1491,0,0,1,1,0,6,2
1492,0,0,0,0,0,8,4
1494,0,0,0,0,0,3,2
1496,0,0,0,0,0,4,2
1498,0,0,0,0,0,8,4
1499,0,0,0,0,0,6,2
1500,0,0,0,0,0,3,2
1501,0,0,0,0,0,8,2
1502,0,0,0,0,0,7,3
1503,0,0,0,0,0,3,1
1504,0,1,1,1,0,11,5
1505,0,0,0,0,0,10,5
1506,0,0,0,0,0,3,1
1508,0,0,0,0,0,8,4
1509,0,0,0,0,0,10,6
1510,0,0,0,0,0,12,7
1511,0,0,0,1,0,6,2
1512,0,0,0,0,0,18,5
1513,0,0,0,0,0,5,2
1514,0,0,0,1,0,9,4
1515,0,0,0,1,0,8,3
1516,0,0,1,1,1,0,0
1517,0,0,1,1,0,9,5
1518,0,0,0,0,0,4,2
1520,0,0,0,0,0,7,3
1522,0,0,0,0,0,7,4
1523,0,0,0,0,0,20,8
1524,0,0,0,0,0,13,7
1526,0,0,0,0,1,0,0
1527,0,0,0,1,1,0,0
1530,0,0,0,0,0,7,3
1531,0,0,0,0,0,3,1
1532,0,0,0,0,0,10,3
1533,0,0,0,0,0,12,5
1534,0,0,0,1,0,5,2
1535,0,0,0,0,0,5,4
1536,0,0,0,0,1,0,0
1537,0,0,0,1,0,7,5
1538,0,0,0,0,0,15,6
1539,0,0,0,1,0,4,2
1540,0,0,0,0,0,5,4
1542,0,1,1,1,0,5,3
1544,1,1,1,1,0,8,2
1545,0,0,0,0,0,6,2
1546,0,0,0,0,0,4,2
1550,0,0,0,0,0,5,2
1551,0,0,1,1,0,6,4
1552,0,0,0,0,0,8,3
1553,0,0,0,0,1,0,0
1554,0,0,0,0,0,3,1
1555,0,0,0,0,0,7,3
1556,0,0,0,0,0,13,7
1557,0,0,0,0,0,6,2
1558,0,0,0,0,0,11,5
1559,0,0,0,0,0,18,8
1564,0,0,0,0,0,5,2
1565,0,0,0,0,0,4,2
1567,0,0,0,0,0,9,5
1569,0,0,0,0,0,6,2
1570,0,0,1,1,0,11,6
1571,0,0,0,0,0,6,2
1572,0,0,0,1,0,6,3
1573,0,0,0,0,0,17,7
1574,0,0,0,0,0,4,2
1579,0,0,0,0,0,11,2
1580,0,0,0,0,0,23,8
1582,0,0,0,0,0,3,2
1584,0,0,1,1,0,15,6
1586,0,0,0,0,0,8,4
1587,0,0,0,0,0,9,3
1588,0,0,0,0,0,9,3
1589,0,0,0,0,0,13,7
1590,0,0,0,0,0,3,1
1591,0,0,0,0,0,4,2
1593,0,0,0,0,0,4,3
1594,0,1,1,1,0,5,3
1596,0,0,0,0,0,7,3
1599,0,0,0,0,0,10,5
1600,0,0,0,0,0,20,5
1601,0,0,0,0,1,0,0
1606,0,0,0,0,0,28,4
1607,0,0,0,0,1,0,0
1609,0,0,0,1,1,0,0
1610,0,0,0,1,0,21,6
1611,0,0,0,0,0,4,2
1612,0,0,1,1,1,0,0
1613,0,0,0,0,0,5,2
1615,0,0,0,0,0,6,2
1616,0,0,0,0,0,5,4
1617,0,1,1,1,0,4,2
1618,0,1,1,1,0,19,6
1619,0,0,0,0,1,0,0
1621,0,0,0,1,0,4,2
1622,0,0,0,0,0,9,3
1623,0,0,0,0,0,4,2
1624,0,0,0,0,1,0,0
1626,0,1,1,1,0,6,2
1627,0,0,0,0,1,0,0
1628,0,0,0,0,0,10,5
1629,0,0,0,0,0,4,2
1630,0,0,0,0,0,20,9
1631,0,0,0,0,0,13,9
1632,0,0,0,0,0,7,4
1633,0,0,0,0,1,0,0
1634,0,0,0,0,0,6,2
1635,0,0,0,0,0,6,2
1636,0,0,0,0,0,10,5
1637,0,0,1,1,0,4,2
1639,0,0,0,0,1,0,0
1641,1,1,1,1,0,9,4
1643,0,0,0,0,0,5,3
1644,0,0,0,0,0,5,4
1645,0,0,0,1,0,18,8
1646,0,0,0,0,0,5,3
1648,0,1,1,1,0,6,2
1651,0,1,1,1,0,7,3
1653,0,0,0,0,0,9,3
1654,0,0,0,0,0,3,1
1655,0,0,0,0,0,18,9
1658,0,0,0,0,1,0,0
1659,0,0,0,0,0,6,2
1660,0,0,0,1,0,6,3
1662,0,0,0,0,0,16,6
1663,0,1,1,1,0,21,7
1664,0,0,0,0,0,8,5
1665,0,0,0,0,0,6,2
1666,0,0,0,0,0,11,4
1667,0,0,0,0,1,0,0
1671,0,0,0,1,0,11,4
1672,0,0,0,0,0,16,7
1673,0,0,0,0,0,6,3
1674,0,0,0,0,0,11,6
1676,0,0,0,0,1,0,0
1679,0,0,0,0,0,4,3
1681,0,0,0,0,0,7,3
1685,0,0,0,0,0,6,2
1687,0,0,0,1,0,8,4
1689,0,0,0,1,0,8,3
1690,0,0,0,0,0,7,3
1692,0,0,0,1,0,11,4
1693,0,0,0,0,0,26,6
1695,0,0,0,0,0,6,2
1697,0,0,0,0,1,0,0
1698,0,0,0,1,0,6,3
1699,0,1,1,1,0,4,3
1700,0,0,0,0,1,0,0
1703,0,0,1,1,0,9,3
1704,0,0,0,0,0,14,6
1706,0,0,0,0,0,4,2
1707,0,0,0,0,0,3,1
1708,0,0,0,0,1,0,0
1715,0,0,0,0,0,9,5
1717,0,0,0,0,0,7,4
1718,0,0,0,0,0,3,1
1719,0,0,0,0,0,5,2
1720,0,0,0,1,0,17,7
1721,0,0,1,1,0,3,1
1722,0,0,0,0,0,4,4
1724,0,0,0,0,0,7,3
1727,0,0,0,0,0,16,3
1728,0,0,0,0,0,15,6
1729,0,0,0,0,0,8,4
1730,0,0,0,0,0,7,4
1731,0,0,0,0,1,0,0
1732,0,0,1,1,0,6,3
1733,0,0,0,0,1,0,0
1735,0,0,0,0,0,5,2
1737,0,0,0,0,0,5,2
1738,0,0,0,0,1,0,0
1739,0,0,0,0,0,3,1
1740,0,0,1,1,0,14,2
1741,0,0,0,0,0,5,3
1742,0,0,0,0,0,3,2
1744,0,0,0,0,0,7,3
1745,0,0,0,1,0,10,5
1746,0,0,0,0,0,21,6
1747,0,1,1,1,0,8,3
1748,0,0,0,0,0,10,3
1750,0,0,0,1,0,6,2
1751,0,1,1,1,0,6,3
1752,0,0,0,0,0,5,2
1753,0,0,0,0,0,12,6
1754,0,0,0,0,0,7,3
1756,0,0,0,0,0,10,7
1757,0,0,0,0,0,7,3
1761,0,0,0,0,0,6,5
1762,0,0,0,0,0,11,4
1766,0,0,0,0,1,0,0
1767,0,0,0,0,0,8,5
1768,0,0,0,0,0,3,1
1769,0,0,0,0,0,4,3
1770,0,0,0,0,1,0,0
1771,0,0,0,0,0,10,5
1773,0,0,0,0,0,8,3
1774,0,0,0,0,0,7,4
1775,0,0,0,0,0,4,2
1776,0,0,0,0,0,6,3
1777,0,0,0,0,0,20,6
1778,0,0,0,0,0,4,2
1779,0,0,1,1,0,8,3
1780,0,0,0,1,1,0,0
1785,0,0,0,0,0,5,3
1786,0,0,0,0,0,18,6
1787,0,0,0,0,0,9,4
1788,0,0,0,0,0,12,3
1789,0,0,0,0,0,6,2
1790,0,0,0,0,0,10,4
1794,0,0,0,0,1,0,0
1795,0,0,0,0,0,10,5
1798,0,0,0,0,0,6,2
1801,0,0,0,0,0,4,4
1803,0,0,0,1,0,5,2
1804,0,0,0,0,0,6,3
1805,0,0,0,0,0,4,2
1807,0,0,0,0,1,0,0
1808,0,0,0,0,0,5,2
1809,0,0,0,0,0,11,5
1812,0,0,0,0,0,11,5
1813,0,1,1,1,0,5,3
1814,0,0,0,0,0,10,5
1816,0,0,0,0,1,0,0
1818,0,0,0,0,0,9,7
1819,0,0,0,0,0,3,1
1821,0,0,0,0,0,6,2
1822,0,0,0,0,0,3,1
1823,0,0,0,0,0,13,4
1825,0,0,0,1,0,5,2
1828,0,0,0,1,0,7,4
1830,0,0,0,0,0,14,3
1832,0,0,0,0,0,7,3
1833,0,0,0,0,0,12,5
1834,0,0,0,1,0,8,5
1836,0,0,0,0,0,5,2
1837,0,0,0,0,0,8,6
1838,0,0,0,0,0,3,1
1839,0,0,0,0,0,3,2
1840,0,0,0,0,0,5,3
1841,0,0,0,0,0,8,4
1843,0,0,0,0,0,5,3
1844,0,0,0,1,1,0,0
1845,0,0,0,1,0,12,4
1847,0,0,0,0,0,6,2
1849,0,0,0,0,0,6,2
1850,0,0,0,0,0,14,5
1851,1,1,1,1,0,7,3
1855,0,0,0,1,0,7,5
1857,0,0,0,0,0,8,5
1858,0,0,0,1,0,6,2
1860,0,0,0,0,0,5,2
1861,0,0,0,0,0,18,4
1862,0,0,0,0,0,5,3
1863,0,0,0,0,0,5,2
1864,0,0,0,1,1,0,0
1865,0,0,0,1,0,7,5
1867,0,0,0,0,1,0,0
1868,0,0,0,0,0,4,3
1869,0,1,1,1,0,18,6
1870,0,0,0,0,0,14,7
1871,0,0,0,0,0,13,6
1872,0,1,1,1,0,5,4
1873,0,0,0,0,0,6,4
1874,0,0,1,1,0,3,1
1875,0,0,0,0,0,7,3
1876,0,0,0,0,1,0,0
1877,0,0,0,0,0,11,5
1878,0,0,0,0,0,5,2
1879,0,0,0,0,0,10,6
1882,0,0,0,0,0,7,3
1884,0,0,0,0,0,5,2
1887,0,0,0,0,0,14,5
1888,0,0,0,0,0,3,2
1889,0,0,0,0,1,0,0
1890,0,0,0,0,0,20,7
1891,0,0,0,0,0,4,2
1892,0,0,0,1,0,14,5
1893,0,0,0,0,0,15,7
1894,0,0,0,0,0,5,2
1895,0,0,0,0,0,18,8
1897,0,0,0,0,0,7,3
1898,0,0,0,0,0,11,6
1899,0,0,1,1,1,0,0
1900,0,0,0,0,0,5,2
1902,0,0,0,1,0,12,4
1903,0,0,0,0,1,0,0
1904,0,0,0,0,0,14,6
1905,0,0,0,0,0,7,6
1906,0,0,0,0,0,18,7
1907,0,0,0,0,0,6,3
1909,0,0,0,1,0,9,3
1910,0,0,0,0,0,5,4
1913,0,0,1,1,0,5,2
1914,0,0,0,0,0,8,2
1919,0,0,0,0,0,6,2
1920,0,0,0,0,0,5,3
1921,0,0,0,0,0,9,4
1922,0,0,0,0,0,10,5
1924,0,0,0,0,0,4,3
1925,0,0,0,1,0,3,1
1926,0,0,0,0,0,5,2
1927,0,0,0,0,0,6,2
1928,0,0,0,0,0,5,2
1931,0,0,0,1,0,22,6
1935,0,0,0,0,0,6,4
1936,0,0,0,0,0,3,1
1937,0,0,0,0,0,3,2
1938,0,0,1,1,0,4,2
1941,0,0,0,0,0,17,6
1942,0,0,0,1,0,16,5
1943,0,0,0,1,0,5,2
1944,0,0,0,0,0,8,4
1945,0,0,0,1,0,6,4
1946,0,0,0,1,0,5,3
1947,0,0,0,1,0,8,3
1948,0,0,0,0,0,11,5
1950,0,0,1,1,0,13,4
1951,0,0,0,0,0,7,4
1952,0,1,1,1,0,5,3
1953,0,0,0,0,0,6,4
1954,0,0,0,0,0,6,3
1955,0,0,0,1,0,4,2
1957,0,0,0,0,0,6,2
1958,0,0,1,1,0,6,2
1959,0,0,0,0,0,11,4
1961,0,0,0,1,0,8,3
1962,0,0,1,1,0,20,8
1963,0,1,1,1,1,0,0
1965,0,0,0,0,0,10,7
1967,0,0,0,0,1,0,0
1971,0,0,0,0,0,5,2
1972,0,0,0,0,0,8,5
1973,0,0,0,0,0,11,4
1974,0,0,1,1,1,0,0
1976,0,0,0,0,0,6,3
1977,0,0,0,0,0,5,3
1979,0,0,0,0,0,7,3
1983,0,0,0,0,0,6,2
1984,0,0,0,0,0,3,1
1986,0,0,0,0,0,12,5
1989,0,0,0,0,0,6,3
1992,0,0,0,0,0,13,6
1993,0,0,0,0,0,3,2
1994,0,0,0,0,0,3,1
1995,0,0,0,0,1,0,0
1996,0,0,0,0,0,6,2
1999,0,0,0,0,0,6,2
2003,0,0,0,0,0,12,6
2004,0,0,0,0,0,15,7
2005,0,0,0,0,1,0,0
2006,0,0,0,0,0,8,4
2007,0,0,0,0,0,4,2
2009,0,0,0,0,1,0,0
2010,0,0,0,0,1,0,0
2011,0,0,0,0,0,10,6
2012,0,0,0,0,1,0,0
2015,0,0,0,0,0,9,4
2016,0,0,0,0,0,9,5
2017,0,0,0,0,1,0,0
2019,0,0,0,0,0,12,8
2020,0,0,0,0,1,0,0
2022,0,0,0,0,0,5,2
2023,0,0,0,0,0,5,2
2024,0,0,0,0,0,6,2
2025,0,0,0,0,0,5,3
2026,0,0,0,0,0,11,7
2027,0,0,0,0,1,0,0
2029,0,0,0,0,0,10,4
2032,0,0,0,1,0,4,2
2033,0,0,0,0,0,6,3
2035,0,0,0,0,0,9,5
2036,0,0,0,0,0,9,5
2037,0,0,0,0,0,12,4
2038,0,0,0,0,0,5,2
2043,0,0,0,0,0,17,7
2044,0,0,0,0,0,8,4
2046,0,0,0,1,0,11,7
2049,0,0,0,0,0,9,5
2051,0,0,0,1,0,3,1
2052,0,0,0,0,0,3,1
2053,0,0,0,0,0,9,4
2054,0,0,1,1,0,23,7
2057,0,0,0,0,0,10,5
2058,0,0,0,0,0,3,1
2060,0,0,0,0,1,0,0
2062,0,0,0,0,0,3,1
2064,0,0,0,0,0,6,4
2065,0,0,0,0,0,16,5
2066,0,0,0,0,0,3,1
2067,0,0,0,0,0,22,8
2068,0,0,1,1,0,3,1
2071,0,0,0,0,0,8,3
2072,0,0,0,0,0,9,5
2073,0,0,0,0,0,9,6
2074,0,0,0,1,0,13,5
2076,0,0,0,0,0,6,2
2078,0,0,0,0,0,11,5
2079,0,0,0,1,0,10,8
2080,0,1,1,1,0,3,1
2081,0,0,0,0,0,4,2
2083,0,0,0,0,1,0,0
2084,0,0,0,1,0,6,2
2085,0,0,0,0,0,6,2
2086,0,0,0,0,0,10,2
2087,0,0,0,0,0,7,5
2089,0,0,0,0,0,6,2
2091,0,0,0,0,0,6,3
2092,0,1,1,1,0,5,2
2093,0,0,0,0,0,9,4
2094,0,0,0,0,0,8,3
2096,0,0,0,0,0,10,4
2099,0,0,0,0,0,10,4
2100,0,0,0,0,0,7,3
2101,0,0,0,1,0,3,1
2102,0,0,0,0,0,8,4
2104,0,0,0,0,0,11,5
2105,0,0,0,0,0,8,2
2108,0,0,0,0,0,7,3
2109,0,0,0,0,1,0,0
2110,0,0,1,1,1,0,0
2111,0,0,0,0,0,6,2
2112,0,0,0,0,0,8,4
2114,0,0,0,0,0,17,8
2115,0,0,0,0,1,0,0
2116,0,0,0,1,0,3,1
2117,0,0,0,0,0,8,3
2118,0,0,0,0,1,0,0
2119,0,0,0,0,0,7,4
2120,0,0,0,0,0,24,6
2122,0,0,1,1,0,13,3
2124,0,0,0,0,1,0,0
2127,1,1,1,1,1,0,0
2128,0,0,0,0,0,10,3
2129,0,0,0,0,0,6,2
2130,0,0,0,0,0,4,1
2131,0,0,0,1,0,7,3
2132,0,0,0,0,0,11,5
2133,0,0,0,0,0,6,3
2134,0,0,0,0,0,6,2
2135,0,0,0,1,0,7,4
2136,0,0,0,0,0,5,2
2139,0,0,0,0,0,3,2
2142,0,0,0,0,0,5,3
2143,0,1,1,1,0,7,3
2145,0,1,1,1,0,11,7
2146,0,0,0,0,0,7,2
2148,0,0,0,0,0,8,4
2149,0,1,1,1,0,5,2
2151,0,0,1,1,0,4,2
2152,0,0,0,0,0,7,3
2155,0,0,0,0,0,7,4
2156,0,0,0,0,0,6,3
2157,0,0,0,0,0,7,4
2158,0,0,0,0,0,17,6
2159,0,0,0,0,0,6,2
2160,0,0,0,0,0,3,1
2161,0,0,0,0,0,9,4
2162,0,0,0,0,0,8,4
2163,0,0,0,0,0,10,3
2164,0,0,0,0,1,0,0
2165,0,1,1,1,1,0,0
2167,0,0,0,1,0,10,5
2168,0,0,0,0,0,4,2
2169,0,0,0,0,0,4,2
2171,1,1,1,1,0,9,4
2173,0,0,0,0,0,6,2
2175,0,1,1,1,0,15,6
2176,0,0,0,0,0,8,4
2178,0,0,0,0,0,3,1
2179,0,0,0,0,0,6,2
2182,0,0,0,0,0,11,6
2185,0,0,0,0,0,10,5
2186,0,0,0,0,0,5,2
2187,0,0,0,0,0,6,2
2188,0,0,0,0,0,10,5
2189,0,0,1,1,0,4,2
2190,0,0,0,0,0,6,2
2192,0,0,0,0,0,10,5
2193,0,0,0,0,0,4,3
2195,0,0,0,1,0,8,4
2196,0,0,0,0,0,8,4
2198,0,1,1,1,0,18,6
2202,0,0,0,1,0,6,3
2203,0,0,0,0,0,8,2
2205,0,0,0,0,0,9,4
2207,0,0,0,0,0,5,3
2208,0,0,0,0,0,18,9
2209,0,0,0,0,0,11,6
2211,0,1,1,1,0,17,5
2212,0,0,0,0,0,21,6
2213,0,0,0,0,0,6,2
2214,0,0,0,0,0,7,4
2216,0,0,0,0,0,10,5
2217,0,1,1,1,0,6,2
2219,0,0,0,0,0,6,5
2221,0,0,0,0,0,14,7
2222,0,0,0,0,0,5,2
2223,0,0,0,0,0,3,1
2224,0,0,0,0,0,5,2
2225,0,0,0,0,1,0,0
2226,0,0,0,0,0,3,1
2227,0,0,0,0,0,6,3
2228,0,0,0,0,1,0,0
2229,0,0,0,0,0,6,2
2230,0,0,0,0,0,5,3
2231,0,0,0,0,0,9,3
2232,0,0,0,0,0,4,3
2233,0,0,0,1,0,6,2
2234,0,0,0,0,0,4,2
2235,0,0,0,1,0,4,2
2239,0,0,0,0,0,6,3
2240,0,0,0,0,0,7,4
2241,0,0,0,0,0,5,3
2243,0,0,0,0,0,8,4
2245,0,0,0,0,0,6,3
2246,0,0,0,0,0,9,4
2248,0,0,0,0,0,5,3
2249,0,0,1,1,0,21,2
2251,0,0,1,1,0,3,1
2252,0,0,0,0,1,0,0
2253,0,0,0,0,0,5,2
2255,0,0,0,1,0,6,4
2257,0,0,0,0,0,6,4
2259,0,0,0,0,0,7,4
2260,0,0,0,0,0,9,4
2265,0,0,0,0,1,0,0
2267,0,0,0,0,0,4,2
2268,0,0,0,0,0,10,5
2269,1,1,1,1,0,6,3
2275,0,0,0,0,0,10,3
2276,0,0,0,1,0,11,5
2277,0,0,0,0,0,13,4
2278,0,0,0,0,1,0,0
2279,0,0,0,0,0,4,3
2280,0,0,0,0,0,10,4
2281,0,0,1,1,0,8,3
2283,0,0,1,1,0,5,2
2285,0,0,0,0,0,15,6
2286,0,0,0,0,0,10,7
2287,0,0,0,1,0,5,2
2288,0,0,0,1,0,6,2
2289,0,0,0,0,1,0,0
2291,0,0,0,0,0,11,4
2293,0,0,0,0,0,9,5
2294,0,0,0,0,0,11,8
2295,0,0,0,0,0,4,2
2296,0,0,0,0,0,8,4
2298,0,0,0,1,1,0,0
2299,0,0,0,0,0,6,2
2300,0,0,0,0,0,9,5
2303,0,0,0,0,0,5,2
2304,0,0,0,0,0,4,2
2305,0,0,0,0,0,9,2
2306,0,0,0,0,1,0,0
2307,0,0,0,0,0,4,2
2308,0,0,0,0,0,8,5
2312,0,1,1,1,0,9,5
2313,0,0,0,0,0,3,1
2314,0,0,0,0,0,3,1
2315,0,0,0,1,0,7,4
2317,0,0,0,0,0,19,6
2318,0,0,1,1,0,7,3
2319,0,0,0,0,1,0,0
2320,0,0,1,1,0,3,1
2321,0,0,0,0,0,7,3
2324,0,0,0,1,0,3,1
2326,0,0,0,1,1,0,0
2327,0,0,0,0,0,5,3
2329,0,0,0,0,0,7,2
2330,0,0,0,0,0,6,2
2331,0,0,1,1,0,9,4
2332,0,0,0,1,0,10,4
2334,0,0,0,0,0,3,1
2335,0,0,0,0,0,9,3
2336,0,0,0,0,1,0,0
2337,0,0,1,1,0,7,3
2340,0,0,0,0,0,5,2
2342,0,0,0,0,0,5,2
2343,0,0,0,0,0,5,2
2345,0,0,0,0,0,6,5
2346,0,0,0,0,0,12,5
2347,0,0,0,0,0,12,3
2348,0,0,0,0,0,7,3
2349,0,0,0,0,0,4,2
2350,0,0,0,0,0,10,4
2351,0,0,0,0,0,3,1
2352,0,0,0,0,0,6,2
2355,0,0,0,0,1,0,0
2356,0,0,0,0,0,6,3
2358,0,0,0,1,0,7,4
2359,0,0,0,0,0,4,2
2361,0,0,0,0,0,12,6
2362,0,0,0,0,0,10,4
2364,0,0,0,0,1,0,0
2365,0,0,0,0,1,0,0
2367,0,0,0,0,0,6,2
2368,0,0,0,0,0,5,4
2369,0,0,0,0,0,6,2
2370,0,0,0,1,0,3,1
2371,0,0,0,0,0,5,2
2372,0,0,0,0,1,0,0
2373,0,1,1,1,0,5,2
2375,0,0,0,0,1,0,0
2378,0,0,0,0,0,11,3
2379,0,0,0,0,0,4,2
2380,0,0,0,0,0,6,3
2381,0,0,0,0,1,0,0
2382,0,0,0,0,0,6,2
2384,0,0,0,0,0,5,2
2385,0,0,0,1,1,0,0
2387,0,0,0,0,0,10,4
2388,0,0,0,0,0,8,4
2389,0,0,0,1,0,14,7
2390,0,0,0,0,0,28,10
2392,0,0,0,1,0,9,7
2393,0,0,0,0,1,0,0
2395,0,0,0,0,0,14,6
2396,0,0,0,0,0,6,1
2397,0,0,0,0,0,7,2
2400,0,0,0,1,0,7,4
2401,0,0,0,0,0,13,5
2402,0,0,0,0,0,8,6
2403,0,0,0,1,0,5,2
2405,0,0,0,0,0,4,3
2406,0,0,0,0,0,4,2
2407,0,0,0,0,0,16,6
2408,0,0,0,1,0,6,2
2410,0,0,1,1,0,4,2
2413,0,0,0,0,0,5,3
2415,0,0,0,0,0,6,3
2416,0,0,0,0,0,12,5
2417,0,0,0,1,0,7,3
2418,0,0,0,0,0,6,2
2421,0,0,0,0,0,5,3
2423,0,0,0,0,0,30,10
2424,0,0,0,0,0,5,3
2426,0,0,0,0,0,7,3
2427,0,0,0,0,0,7,3
2430,0,0,0,0,0,5,3
2431,0,0,0,0,0,14,4
2433,0,0,0,0,0,6,2
2434,0,0,0,0,0,4,2
2435,0,0,0,0,1,0,0
2437,0,0,0,0,0,5,2
2440,0,0,0,0,0,7,3
2441,0,1,1,1,0,6,3
2442,0,0,0,0,0,3,1
2443,0,0,0,1,0,13,4
2448,0,0,1,1,1,0,0
2450,0,0,0,0,0,5,3
2451,0,0,0,0,0,11,4
2452,0,0,0,0,0,9,4
2453,0,1,1,1,0,6,2
2457,0,0,0,0,0,6,2
2458,0,0,0,0,0,10,4
2459,0,0,0,0,0,6,3
2460,0,0,0,0,0,5,2
2461,0,0,0,0,0,3,1
2463,0,0,0,0,0,17,5
2464,0,0,0,0,0,17,7
2466,0,1,1,1,0,11,5
2467,0,0,0,0,0,9,4
2468,0,0,0,0,0,3,1
2469,0,1,1,1,0,4,2
2471,0,0,0,0,1,0,0
2472,0,0,0,0,0,11,5
2473,0,0,0,0,0,12,3
2476,0,0,0,0,0,28,8
2478,0,0,0,0,0,5,4
2479,0,0,0,0,0,11,5
2481,0,0,0,1,0,8,3
2482,0,0,0,1,0,3,1
2483,0,0,0,0,0,9,3
2484,0,0,0,0,0,10,3
2485,0,0,0,0,0,3,1
2487,0,0,0,0,0,7,3
2488,0,0,0,0,1,0,0
2489,0,0,0,0,0,12,7
2490,0,0,0,0,0,9,4
2491,0,0,0,0,0,6,2
2493,0,0,0,0,0,10,4
2495,0,0,0,0,1,0,0
2496,0,0,1,1,0,10,5
2497,0,0,0,0,0,7,2
2498,0,0,0,0,0,5,2
2499,0,0,0,1,1,0,0
2500,0,0,0,1,0,5,3
2504,0,0,0,0,0,26,7
2506,0,0,0,0,0,13,7
2507,0,0,1,1,0,6,2
2510,0,0,0,0,0,6,2
2511,0,0,0,0,0,10,6
2513,0,0,0,0,1,0,0
2514,0,0,0,0,0,10,7
2515,0,0,0,0,0,8,6
2516,0,0,0,0,0,4,2
2518,0,0,0,0,0,3,2
2519,0,0,0,0,0,3,1
2520,0,0,0,0,1,0,0
2521,0,0,0,0,0,12,5
2522,0,1,1,1,0,4,2
2523,0,0,0,0,0,10,3
2524,0,0,0,0,0,5,2
2526,0,0,0,0,0,4,2
2528,0,0,0,0,0,6,2
2529,0,0,0,0,0,10,5
2530,0,0,0,0,0,9,4
2531,0,0,0,0,0,10,4
2535,0,0,0,0,0,3,1
2537,0,0,0,1,0,5,2
2539,0,0,0,0,0,4,2
2541,0,0,0,0,0,6,2
2542,0,0,1,1,1,0,0
2543,0,0,0,0,0,6,2
2544,0,0,0,0,0,13,7
2545,0,0,0,0,0,8,4
2546,0,0,0,0,0,4,3
2548,0,0,0,0,0,7,4
2551,0,1,1,1,0,4,2
2553,0,0,0,0,0,5,2
2555,0,0,0,1,1,0,0
2556,0,0,0,0,0,4,3
2557,0,0,0,0,0,5,1
2558,0,0,0,0,0,16,10
2559,0,1,1,1,0,21,8
2560,0,0,0,0,0,7,5
2561,0,0,0,0,1,0,0
2562,0,0,0,0,0,7,3
2563,0,0,0,0,0,15,6
2564,0,0,0,0,0,6,2
2567,0,0,0,0,0,11,5
2568,0,0,0,1,0,12,5
2571,0,0,0,0,0,4,2
2573,0,0,0,0,0,4,3
2575,0,0,1,1,0,23,8
2576,0,0,0,0,0,30,9
2577,0,0,0,0,0,7,3
2578,0,0,0,0,0,5,2
2579,0,0,0,0,0,9,4
2581,0,0,0,0,0,6,3
2582,0,0,0,1,0,6,2
2583,0,0,0,0,0,14,6
2585,0,0,0,0,0,8,4
2586,0,0,0,0,0,3,1
2587,0,0,1,1,1,0,0
2588,0,0,1,1,0,5,2
2589,0,0,0,0,0,5,2
2590,0,0,1,1,0,13,6
2592,0,0,0,0,0,8,4
2593,0,0,0,0,0,5,4
2594,0,0,0,0,1,0,0
2595,0,0,0,0,0,8,4
2597,0,0,0,0,0,5,1
2598,0,0,0,0,0,15,6
2599,0,0,0,0,0,13,6
2601,0,0,0,0,0,5,2
2602,0,0,1,1,0,11,4
2603,0,0,0,0,0,4,3
2604,0,0,0,0,0,14,7
2605,0,0,0,0,0,8,4
2606,0,0,0,0,0,8,3
2608,0,1,1,1,1,0,0
2609,0,0,0,0,0,8,3
2611,0,0,0,0,0,7,4
2612,0,0,0,0,0,10,5
2613,0,0,0,0,0,5,2
2614,0,0,0,0,0,17,2
2615,0,0,0,0,0,11,5
2616,0,0,0,0,0,7,3
2618,0,0,0,0,0,10,5
2620,0,0,0,0,0,3,1
2622,0,0,0,0,0,6,3
2623,0,0,0,0,1,0,0
2624,0,0,0,0,0,8,3
2625,0,0,0,0,0,15,4
2626,0,0,0,1,0,3,1
2627,0,0,0,0,1,0,0
2628,0,0,0,0,0,11,4
2629,0,0,0,0,0,6,2
2630,0,0,0,0,0,7,3
2631,0,0,0,0,0,4,2
2632,0,0,0,0,0,6,2
2634,0,0,0,1,0,10,5
2635,0,0,0,0,0,22,7
2639,0,0,1,1,0,7,4
2641,0,0,0,0,0,3,1
2642,0,0,0,0,0,10,4
2643,0,0,0,0,0,14,7
2644,0,0,0,0,0,6,2
2645,0,0,0,0,0,8,3
2646,0,0,0,0,0,7,3
2648,0,0,0,1,0,32,9
2649,0,0,0,1,0,16,7
2650,0,0,0,0,0,4,3
2652,0,0,0,0,0,15,5
2654,0,0,0,1,0,17,6
2655,0,0,0,0,0,14,5
2656,0,0,0,0,0,12,5
2657,0,0,0,0,0,3,1
2658,0,0,0,0,0,5,3
2659,0,0,0,0,1,0,0
2660,0,0,0,0,0,7,3
2661,0,0,0,0,0,7,3
2662,0,0,0,1,0,3,1
2663,0,0,0,0,0,7,4
2664,0,0,0,0,0,4,2
2666,0,0,0,0,0,10,5
2667,0,0,0,0,0,7,3
2669,0,0,0,0,0,11,3
2670,0,0,0,0,0,6,2
2672,0,0,0,0,0,23,6
2673,0,0,0,0,0,5,3
2674,0,0,0,0,0,7,4
2675,0,0,0,1,0,15,8
2677,0,0,0,0,0,9,4
2679,0,0,0,0,1,0,0
2681,0,0,0,0,0,6,2
2683,0,0,0,0,0,5,2
2684,0,0,0,0,0,10,6
2685,0,0,0,0,0,7,3
2686,0,1,1,1,0,8,4
2687,0,0,0,0,0,4,2
2688,0,0,0,0,1,0,0
2689,0,0,0,0,0,3,1
2690,0,0,0,0,0,10,4
2691,0,0,0,0,0,5,2
2693,0,0,0,0,0,9,4
2694,0,0,0,0,0,14,4
2696,0,0,0,0,0,6,4
2697,0,0,0,1,0,3,1
2698,1,1,1,1,0,3,1
2699,0,0,0,0,0,7,5
2700,0,0,0,0,0,6,2
2701,0,0,0,0,0,5,4
2704,0,0,0,0,0,11,5
2705,0,0,0,0,0,6,2
2706,0,0,0,1,0,6,3
2707,0,0,0,1,0,8,3
2708,0,0,0,0,1,0,0
2711,0,0,0,0,0,10,4
2712,0,0,0,0,0,4,2
2714,0,0,0,0,0,11,3
2715,0,0,0,0,0,6,4
2716,0,0,0,0,0,3,1
2717,0,0,0,0,0,9,4
2719,0,0,0,0,0,10,4
2724,0,0,0,0,0,7,3
2725,0,0,0,1,0,5,2
2726,0,0,1,1,1,0,0
2727,0,0,0,0,0,11,4
2728,0,0,0,1,0,4,2
2729,0,0,1,1,0,9,4
2731,0,0,0,1,0,6,3
2732,0,0,0,0,0,11,6
2733,0,0,0,0,0,10,5
2738,0,0,0,0,1,0,0
2739,0,0,0,0,1,0,0
2741,0,0,0,1,0,8,4
2742,0,0,0,1,0,15,7
2743,0,0,0,0,0,11,6
2744,0,0,0,1,0,5,2
2746,0,0,0,0,0,7,3
2748,0,0,0,0,0,5,2
2749,0,0,0,0,0,7,5
2750,0,0,0,0,0,5,3
2751,0,0,0,0,0,5,2
2752,0,0,0,0,0,6,4
2754,0,0,0,0,0,7,3
2755,0,0,0,1,0,7,4
2756,0,0,0,0,0,5,4
2758,0,0,0,0,0,5,2
2759,0,0,0,0,0,11,4
2760,0,0,0,0,0,11,5
2765,0,0,0,0,0,8,3
2766,0,0,0,0,0,10,4
2768,0,0,0,0,0,7,4
2769,0,0,0,0,0,3,1
2772,0,0,0,0,0,6,2
2776,0,0,0,0,0,3,1
2777,0,0,0,0,0,9,4
2779,0,0,0,0,0,4,2
2781,0,0,0,0,0,7,3
2782,0,0,0,0,0,11,7
2783,0,0,0,0,0,4,2
2785,0,0,0,0,0,9,5
2786,0,0,0,0,0,16,4
2788,0,0,0,0,1,0,0
2789,0,0,0,0,0,4,3
2790,0,0,0,0,0,5,3
2793,0,0,0,0,0,6,5
2795,0,0,0,0,0,10,7
2796,0,0,0,0,0,7,3
2797,0,0,0,0,0,3,1
2798,0,0,0,0,0,6,1
2799,0,0,0,0,0,7,3
2801,0,0,0,0,0,21,8
2802,0,0,0,0,0,8,3
2804,0,0,0,0,0,5,3
2805,0,0,0,0,0,9,5
2806,0,0,0,0,0,3,1
2808,0,0,0,0,0,5,3
2810,0,0,0,0,0,8,2
2813,0,0,0,0,0,6,2
2816,0,0,0,1,0,20,7
2817,0,0,0,0,0,10,4
2818,0,0,0,0,0,13,4
2819,0,0,0,0,0,23,7
2820,0,0,0,0,0,6,2
2824,0,0,0,0,0,7,2
2825,0,0,0,0,0,6,2
2826,0,0,0,0,0,10,2
2828,0,0,0,0,0,9,3
2829,0,0,0,1,0,6,3
2830,0,0,0,0,0,8,3
2831,0,0,0,0,1,0,0
2833,0,0,0,0,0,9,5
2834,0,0,0,0,0,6,5
2836,0,0,0,0,0,6,3
2837,0,0,0,0,0,6,4
2839,0,0,0,0,0,10,4
2841,0,0,0,0,0,4,2
2842,0,0,0,0,0,4,2
2844,0,0,0,0,0,15,6
2846,0,0,0,0,0,4,2
2847,0,0,0,0,0,12,3
2848,0,0,0,0,0,10,3
2850,0,0,0,0,0,6,3
2851,0,0,0,0,0,4,3
2852,0,0,0,0,0,3,1
2853,0,0,0,0,0,9,4
2854,0,0,0,0,0,8,3
2855,0,0,0,0,0,4,2
2856,0,0,0,0,1,0,0
2857,0,0,1,1,0,7,3
2858,0,0,0,0,1,0,0
2859,0,0,0,0,1,0,0
2860,0,0,0,0,0,8,3
2861,0,0,0,0,0,9,3
2862,0,0,0,0,0,3,1
2863,0,0,0,1,0,6,2
2864,0,0,0,0,0,6,2
2866,0,0,0,1,1,0,0
2867,0,0,0,0,0,4,2
2868,0,0,0,0,0,3,1
2869,0,0,0,0,0,5,3
2871,0,0,0,0,1,0,0
2872,0,0,0,0,0,11,7
2874,0,0,0,0,0,9,5
2875,0,0,0,1,1,0,0
2876,0,1,1,1,0,3,2
2879,0,0,0,0,0,3,1
2880,0,0,0,1,0,7,5
2881,0,0,0,0,0,3,1
2882,0,0,0,0,0,4,3
2884,0,0,0,0,0,3,1
2885,0,0,0,0,0,12,5
2887,0,0,0,0,0,6,1
2888,0,0,0,1,0,5,2
2890,0,0,0,0,0,12,6
2891,0,0,0,0,0,10,4
2892,0,0,0,0,0,3,3
2893,0,0,0,0,0,9,4
2894,0,0,0,0,0,7,4
2896,0,0,0,0,0,5,2
2898,0,0,0,0,0,4,2
2900,0,0,0,1,0,5,2
2901,0,0,0,0,0,3,1
2902,0,0,0,0,0,11,6
2903,0,0,0,0,0,17,5
2905,0,0,0,0,0,9,4
2908,0,0,0,0,0,7,3
2909,0,0,0,0,0,5,2
2910,0,0,1,1,1,0,0
2911,0,0,0,0,1,0,0
2912,0,0,0,0,0,5,3
2916,0,0,0,0,0,15,6
2917,0,0,0,0,0,5,3
2921,0,0,0,1,0,13,4
2923,0,0,0,0,0,8,3
2925,0,0,0,1,0,6,3
2930,0,0,0,0,0,7,3
2932,0,0,0,0,0,5,2
2934,0,0,0,0,0,8,4
2935,0,0,0,0,0,6,3
2937,0,0,0,0,0,6,2
2939,0,0,0,0,0,6,3
2940,0,0,0,0,0,5,2
2942,0,0,0,0,0,6,5
2943,0,0,0,0,0,8,4
2944,0,0,0,0,0,12,5
2945,0,0,0,0,0,9,5
2946,0,0,0,0,0,6,3
2947,0,0,0,0,0,16,7
2948,0,0,0,0,0,6,4
2949,0,0,0,0,0,3,1
2950,0,0,0,0,0,5,3
2953,0,0,0,0,0,17,6
2954,0,0,0,0,0,4,1
2956,0,0,0,0,0,6,3
2958,0,0,0,1,0,5,3
2959,0,0,0,0,0,6,3
2961,0,0,0,0,0,5,3
2962,0,0,0,0,0,6,2
2963,0,0,0,0,0,4,2
2966,0,0,0,1,0,4,2
2970,0,0,0,0,0,6,2
2971,0,1,1,1,0,6,2
2973,0,0,0,0,0,6,3
2974,0,0,0,0,0,4,2
2976,0,0,1,1,0,6,2
2977,0,0,0,0,0,8,3
2978,0,0,0,0,0,16,5
2979,0,0,1,1,0,4,2
2981,0,0,0,0,0,8,4
2983,0,0,0,0,0,7,5
2985,0,0,0,0,0,14,8
2986,0,0,0,0,0,13,2
2989,0,1,1,1,1,0,0
2991,0,0,0,0,0,4,3
2992,0,0,0,0,0,5,2
2993,0,0,0,0,0,8,3
2994,0,0,0,0,0,9,6
2998,0,0,0,0,0,3,3
2999,0,0,0,1,0,6,4
3001,0,0,1,1,0,9,4
3003,0,0,0,0,0,5,3
3004,0,0,0,0,0,7,4
3005,0,0,0,0,0,4,2
3006,0,0,0,0,1,0,0
3007,0,0,1,1,0,4,3
3008,0,1,1,1,0,6,2
3009,0,0,0,0,1,0,0
3012,0,0,0,0,0,3,1
3013,0,0,0,0,0,6,2
3014,0,0,0,0,0,19,7
3016,0,0,0,0,0,17,4
3017,0,1,1,1,0,8,5
3018,0,0,0,0,0,10,4
3019,0,0,0,0,0,5,2
3021,0,0,0,0,0,13,6
3022,0,0,0,0,0,8,4
3023,0,0,0,0,1,0,0
3024,0,0,0,0,1,0,0
3027,0,0,0,0,0,4,2
3028,0,0,0,0,0,3,1
3029,0,0,0,0,0,10,4
3030,0,0,0,0,0,19,8
3031,0,0,0,0,0,7,3
3033,0,0,0,0,0,6,1
3035,0,0,0,0,0,5,2
3036,0,0,0,0,0,4,2
3037,0,0,0,0,1,0,0
3039,0,0,0,0,1,0,0
3040,0,0,0,0,0,8,5
3042,0,0,0,1,0,4,2
3044,0,0,0,0,0,13,3
3047,0,1,1,1,1,0,0
3048,0,0,0,1,0,8,4
3049,0,0,0,1,0,11,4
3050,0,0,0,0,0,4,2
3051,0,0,0,0,0,4,4
3053,0,0,0,0,0,10,4
3054,0,0,0,0,0,6,3
3056,0,0,0,0,0,9,5
3057,0,0,0,0,0,3,1
3058,0,0,0,0,0,8,5
3059,0,0,0,1,0,6,2
3063,0,0,0,0,0,5,2
3064,0,0,0,0,1,0,0
3065,0,0,0,0,0,6,2
3066,0,0,0,0,0,12,3
3067,0,0,0,0,0,12,5
3069,0,0,0,0,0,3,1
3070,0,0,0,0,0,3,1
3071,0,0,0,0,0,4,1
3072,0,0,0,0,0,13,3
3073,0,0,0,0,1,0,0
3074,0,0,0,0,0,5,2
3076,0,0,0,0,0,6,2
3077,0,0,0,0,0,5,4
3079,0,0,0,0,0,4,2
3081,0,0,0,0,0,6,2
3082,0,0,0,0,0,11,5
3083,0,0,0,0,0,9,5
3085,1,1,1,1,0,3,2
3086,0,0,0,1,0,12,7
3087,0,0,1,1,0,11,5
3089,0,0,0,0,0,20,6
3091,0,0,0,0,0,15,5
3092,0,0,0,0,0,9,4
3094,0,0,0,1,0,8,4
3097,0,0,0,0,1,0,0
3099,0,0,0,0,1,0,0
3100,0,0,0,0,0,5,2
3101,0,0,0,0,0,7,4
3102,0,0,0,0,0,3,1
3103,0,0,0,0,0,5,2
3106,0,0,0,1,0,8,4
3107,0,0,0,1,0,11,5
3108,0,0,0,0,0,11,5
3109,0,0,0,0,0,4,2
3110,0,0,0,0,0,8,3
3111,0,0,0,0,0,16,5
3112,0,0,0,0,0,10,5
3113,0,0,0,0,0,7,3
3114,0,0,0,0,0,23,7
3115,0,0,0,0,0,12,3
3118,0,0,0,0,0,5,2
3120,0,0,0,0,0,20,7
3122,0,0,0,1,0,4,2
3123,0,0,0,0,0,7,3
3124,0,0,0,0,0,3,2
3127,0,0,0,0,0,6,2
3128,0,0,0,0,0,6,2
3129,0,0,0,0,0,3,2
3131,0,0,0,0,0,4,2
3134,0,0,0,0,0,6,3
3135,0,0,0,0,0,8,3
3136,1,1,1,1,0,6,3
3138,0,0,0,0,0,5,2
3139,0,0,0,0,0,8,3
3142,0,0,1,1,0,3,1
3144,0,0,0,0,0,8,3
3146,0,0,0,0,0,4,3
3147,0,0,0,1,1,0,0
3149,0,0,0,0,0,5,2
3150,0,0,0,0,0,6,3
3154,0,0,0,1,0,19,9
3155,0,0,1,1,1,0,0
3156,0,0,0,0,0,7,3
3157,0,0,0,0,0,19,6
3159,0,0,0,0,0,12,6
3160,0,0,0,0,0,8,3
3162,0,0,0,0,0,10,4
3163,0,0,0,0,0,5,2
3164,0,0,0,0,0,8,5
3165,0,0,0,0,0,8,5
3166,0,0,0,0,0,14,5
3167,0,0,0,0,0,13,6
3169,0,1,1,1,1,0,0
3170,0,0,0,0,0,4,2
3171,0,0,0,0,1,0,0
3172,0,0,0,0,0,6,2
3173,0,0,1,1,0,8,3
3174,0,0,0,0,0,7,3
3175,0,0,0,0,0,4,2
3177,0,0,0,0,0,6,1
3178,0,0,0,0,0,13,7
3179,0,0,0,0,0,5,2
3180,0,0,1,1,1,0,0
3182,0,0,0,0,0,11,4
3183,0,0,0,1,1,0,0
3186,0,0,0,0,0,4,3
3187,0,0,0,0,1,0,0
3191,0,0,0,0,0,7,4
3193,0,0,0,0,0,5,3
3196,0,0,0,0,0,6,4
3197,0,0,0,0,0,17,6
3199,0,0,0,0,0,3,1
3201,0,0,0,0,0,5,3
3203,0,0,0,0,0,6,2
3205,0,1,1,1,0,18,7
3207,0,0,0,0,0,7,4
3208,0,0,0,0,0,4,2
3210,0,0,0,0,0,11,4
3211,0,0,0,0,0,6,2
3212,0,0,0,0,0,14,5
3213,0,0,0,0,0,5,2
3214,0,0,0,0,0,4,2
3215,0,0,0,0,0,5,2
3219,0,1,1,1,0,7,3
3220,0,0,0,1,0,8,4
3221,0,0,0,0,0,5,2
3222,0,0,0,0,0,6,2
3223,0,0,0,0,0,4,2
3224,0,0,0,0,0,13,7
3226,0,0,0,0,0,3,1
3227,0,0,0,0,0,5,3
3228,0,0,0,0,0,6,4
3229,0,0,0,0,0,4,2
3231,0,0,0,0,0,4,2
3232,0,0,0,0,0,8,4
3234,0,0,0,0,0,5,4
3236,0,0,0,0,1,0,0
3237,0,0,0,0,0,7,4
3238,0,0,0,0,0,6,2
3239,0,0,0,0,0,4,2
3241,0,0,0,0,0,6,3
3244,0,0,0,0,0,9,5
3245,0,0,0,0,1,0,0
3246,0,0,0,0,1,0,0
3247,0,0,0,0,0,6,4
3248,0,0,0,0,0,10,4
3249,0,0,0,0,0,5,2
3250,0,0,0,0,0,12,5
3251,0,0,0,0,0,18,4
3253,0,0,0,0,0,12,6
3254,0,0,0,0,1,0,0
3255,0,0,0,0,1,0,0
3256,0,0,0,0,0,4,2
3258,0,0,0,0,0,9,5
3259,0,0,0,0,0,6,2
3260,0,0,1,1,0,3,1
3261,0,0,0,0,0,5,2
3263,0,0,0,0,0,17,5
3266,0,0,0,0,0,5,2
3269,0,0,0,0,0,5,2
3270,0,1,1,1,0,4,2
3271,0,0,0,0,0,8,3
3272,0,0,0,0,0,7,4
3276,0,0,1,1,0,6,2
3277,0,0,0,0,0,15,5
3280,0,0,0,0,0,3,1
3281,0,0,0,0,0,6,4
3282,0,0,0,1,0,15,7
3284,0,0,0,0,1,0,0
3285,0,0,0,0,0,17,7
3286,0,0,0,0,0,6,3
3287,0,0,0,0,0,7,2
3288,0,0,0,0,1,0,0
3290,0,0,0,0,0,5,2
3292,0,0,0,0,0,11,6
3293,0,0,0,0,0,3,2
3294,0,0,0,0,0,20,5
3295,0,0,1,1,0,3,1
3296,0,0,0,0,0,7,3
3297,0,0,0,1,0,5,2
3299,0,0,0,0,0,8,4
3300,0,0,0,1,0,10,5
3302,0,0,0,0,0,6,3
3303,0,0,0,0,0,11,4
3306,0,0,0,0,1,0,0
3307,0,0,0,0,0,14,5
3308,0,0,1,1,0,4,2
3310,0,0,0,0,0,8,4
3314,0,0,0,0,0,9,5
3315,0,0,0,0,0,3,1
3317,0,1,1,1,1,0,0
3318,0,0,0,0,0,4,2
3319,0,0,0,0,1,0,0
3320,0,0,0,0,0,7,4
3321,0,0,0,0,0,22,7
3322,0,0,0,0,0,6,2
3323,0,0,0,0,0,8,5
3329,0,0,0,0,0,10,5
3330,0,0,0,0,0,6,2
3332,0,0,0,1,0,9,3
3333,0,0,1,1,0,6,3
3334,0,0,0,0,0,12,5
3336,1,1,1,1,0,6,2
3337,0,0,0,0,0,23,7
3338,0,0,0,1,0,6,2
3339,0,0,0,0,0,11,3
3340,0,0,0,0,0,6,2
3341,0,0,0,0,0,6,4
3342,0,0,0,0,0,6,2
3343,0,0,0,0,0,12,3
3344,0,0,1,1,0,7,5
3345,0,0,0,1,0,10,5
3346,0,0,0,0,1,0,0
3347,0,0,0,0,0,5,4
3350,0,0,0,0,0,9,6
3351,0,0,0,0,0,13,7
3352,0,0,0,0,0,8,3
3353,0,0,1,1,0,4,2
3354,0,0,1,1,0,3,1
3355,0,0,0,0,1,0,0
3356,0,0,0,0,0,3,2
3357,0,0,0,0,0,7,3
3358,0,0,0,0,0,3,1
3359,0,0,0,0,0,15,7
3360,0,1,1,1,0,9,4
3363,0,0,0,1,0,5,5
3364,0,0,0,0,0,4,2
3365,0,0,0,0,0,6,4
3366,0,0,0,0,0,6,2
3367,0,0,0,0,0,6,2
3370,0,0,0,0,0,5,3
3371,0,0,0,0,0,4,2
3372,0,0,0,0,0,9,3
3373,0,0,0,0,0,6,3
3376,0,0,0,0,0,3,1
3377,0,0,0,0,0,6,2
3378,0,0,0,0,0,19,6
3379,0,0,0,0,0,3,2
3380,0,0,0,0,0,5,2
3383,0,0,0,0,0,16,3
3384,0,0,0,1,0,9,4
3387,0,0,0,0,0,17,6
3388,0,0,0,0,0,9,2
3389,0,0,0,0,0,5,2
3391,0,0,0,0,1,0,0
3392,1,1,1,1,0,7,2
3393,0,0,0,0,0,6,3
3394,0,0,0,0,0,14,4
3395,0,0,0,0,1,0,0
3396,0,0,0,0,0,11,3
3397,0,0,0,1,0,4,2
3398,0,0,0,0,0,8,2
3399,0,0,0,0,0,11,5
3400,0,0,0,0,0,7,4
3401,0,0,0,0,0,10,4
3403,0,0,0,0,0,6,6
3404,0,0,1,1,0,6,2
3405,0,0,0,0,0,7,3
3406,0,0,0,0,0,5,2
3407,0,0,0,0,0,4,2
3409,0,0,0,0,0,8,4
3410,0,0,0,0,0,10,5
3411,0,0,0,0,0,12,6
3413,0,0,0,0,0,7,4
3414,0,0,0,0,0,5,3
3415,0,0,0,0,0,7,4
3419,0,0,1,1,0,9,6
3422,0,0,0,0,0,6,3
3424,0,0,0,0,0,14,6
3425,0,0,0,0,0,7,3
3426,0,0,0,0,0,3,2
3427,0,0,0,0,0,12,5
3430,0,0,0,0,0,12,6
3431,0,0,0,0,0,7,4
3432,0,0,1,1,0,16,8
3433,0,0,0,0,0,5,2
3434,0,0,0,0,1,0,0
3435,0,0,0,0,0,7,4
3436,0,0,0,0,0,8,5
3437,0,0,0,0,0,7,3
3439,0,0,0,0,0,9,5
3440,0,0,0,0,0,6,3
3441,0,0,0,1,0,5,2
3442,0,0,0,1,0,8,3
3443,0,0,0,0,0,8,4
3444,0,0,0,0,0,15,4
3445,0,0,0,0,1,0,0
3446,0,0,0,0,0,3,3
3448,0,0,0,0,0,9,4
3449,0,0,0,0,0,6,3
3451,0,0,0,0,0,6,2
3453,0,0,0,0,0,10,5
3454,0,0,0,0,0,5,3
3455,1,1,1,1,0,4,4
3456,0,0,0,0,0,8,4
3457,0,0,0,0,0,3,1
3458,0,0,0,0,0,7,4
3459,0,0,0,0,1,0,0
3460,0,0,0,0,0,5,2
3461,0,0,0,0,0,6,4
3463,0,0,0,1,1,0,0
3464,0,0,0,1,0,4,2
3466,0,0,0,0,0,9,3
3467,0,0,0,0,1,0,0
3468,0,0,0,0,0,8,3
3470,0,0,0,0,1,0,0
3471,0,0,0,0,0,5,2
3472,0,0,0,0,0,7,3
3473,0,0,0,0,0,13,6
3474,0,0,0,0,0,15,4
3476,0,0,0,0,0,3,1
3478,0,0,0,0,0,15,8
3479,0,0,0,0,0,3,1
3480,0,0,0,0,0,11,6
3482,0,0,0,0,0,14,6
3484,0,0,0,0,0,5,3
3485,0,0,1,1,0,15,6
3486,0,1,1,1,0,17,2
3487,0,0,0,0,0,8,3
3489,0,0,0,0,0,14,6
3490,0,0,0,1,0,5,2
3491,0,0,0,0,0,6,2
3492,0,0,0,0,0,7,3
3493,0,0,0,0,0,6,2
3494,0,0,0,0,0,4,2
3495,0,0,0,0,0,9,6
3497,0,0,0,0,1,0,0
3499,0,0,0,0,0,10,3
3500,0,0,0,0,1,0,0
3501,0,0,0,0,0,8,5
3502,0,0,0,0,0,5,2
3504,0,0,0,0,0,9,5
3505,0,0,0,0,0,20,7
3506,0,0,0,0,0,4,2
3507,0,0,1,1,0,3,1
3508,1,1,1,1,0,10,4
3509,0,0,0,0,0,4,2
3510,1,1,1,1,0,5,3
3511,0,0,0,0,0,3,1
3512,0,0,0,0,0,3,1
3513,0,0,0,0,0,7,4
3514,0,0,0,0,0,8,3
3515,0,0,1,1,0,13,7
3516,0,0,0,1,0,6,2
3519,0,0,0,1,0,6,2
3521,0,0,0,0,0,6,3
3522,0,0,0,0,0,10,5
3524,0,0,0,0,0,8,3
3526,0,0,0,0,0,6,2
3527,0,0,0,1,0,6,2
3529,0,0,0,1,0,13,5
3533,1,1,1,1,0,12,5
3536,0,0,0,1,1,0,0
3538,0,0,0,0,0,11,5
3540,0,0,0,0,0,6,4
3541,0,0,0,0,1,0,0
3542,0,0,0,0,0,17,5
3543,0,0,0,0,0,7,3
3546,0,0,0,0,0,9,3
3547,0,0,0,0,0,15,6
3550,0,0,0,0,0,19,8
3551,0,0,0,0,0,3,1
3552,0,0,1,1,0,12,4
3553,0,0,0,0,0,3,1
3554,0,0,0,0,0,14,6
3555,0,0,0,0,0,19,8
3558,0,0,0,0,0,15,5
3559,0,0,0,0,0,6,3
3560,0,0,0,0,0,11,5
3561,0,0,1,1,0,5,3
3564,0,0,0,0,0,7,3
3565,0,0,0,0,0,5,4
3566,0,0,0,0,0,4,3
3567,0,0,0,0,0,5,2
3568,0,0,0,0,0,17,7
3569,0,0,0,0,0,19,6
3570,0,0,0,0,0,5,2
3571,0,0,0,0,0,3,1
3572,0,1,1,1,0,4,2
3574,0,1,1,1,0,15,4
3575,0,0,0,1,1,0,0
3576,0,0,0,0,0,5,2
3577,0,0,0,0,0,6,2
3578,0,0,0,0,1,0,0
3579,0,0,0,0,0,10,4
3580,0,0,0,0,0,6,3
3581,0,0,0,0,0,6,2
3585,0,0,0,0,0,12,4
3586,0,0,0,0,0,10,5
3587,0,0,1,1,0,12,6
3588,0,0,0,0,0,11,4
3589,0,0,0,0,0,10,5
3590,0,0,0,0,1,0,0
3591,0,0,0,0,0,8,5
3592,0,0,0,0,0,5,3
3593,0,0,0,0,0,4,2
3598,0,0,0,0,0,5,3
3599,0,0,0,0,0,10,4
3600,0,0,0,0,0,14,7
3601,0,0,0,0,0,21,7
3602,0,0,0,0,0,3,1
3603,0,0,0,0,0,9,5
3606,0,0,0,0,0,8,5
3608,0,0,0,0,0,7,2
3609,0,0,0,0,1,0,0
3611,0,0,0,0,0,5,2
3612,0,0,0,0,0,8,4
3613,0,0,0,0,0,3,1
3614,0,0,0,0,0,6,2
3615,0,0,0,0,0,6,2
3616,0,0,0,1,0,5,3
3617,0,0,0,0,0,4,2
3618,0,0,0,1,0,10,6
3619,0,0,0,0,0,6,5
3621,0,0,0,0,0,11,5
3624,0,0,0,0,0,18,8
3625,0,0,1,1,0,10,4
3626,0,0,0,0,0,6,2
3627,0,1,1,1,0,7,3
3629,0,0,0,0,0,13,4
3630,0,0,1,1,0,8,3
3632,0,0,0,0,0,4,3
3633,0,0,1,1,0,7,4
3634,0,0,0,0,0,6,4
3635,0,0,0,0,0,5,4
3636,0,0,0,1,0,7,3
3639,0,0,0,1,0,11,4
3640,0,0,0,0,0,5,3
3641,0,0,0,0,0,9,5
3642,0,0,0,0,0,8,5
3643,0,0,0,0,0,13,7
3647,0,0,0,0,0,6,2
3648,0,0,0,0,0,7,5
3649,0,0,0,0,0,26,7
3650,0,0,0,0,0,7,6
3651,0,0,0,0,0,10,3
3652,0,0,0,0,0,3,1
3653,0,0,0,0,0,4,2
3654,0,0,0,0,0,7,3
3655,0,0,0,1,0,6,3
3657,0,0,0,0,0,14,4
3658,0,0,0,0,0,11,6
3659,0,0,0,0,0,14,5
3661,0,0,0,0,0,5,2
3662,0,0,0,0,0,11,3
3664,0,0,0,0,0,5,4
3666,0,0,0,0,0,29,4
3667,0,0,0,0,0,10,5
3668,0,0,0,0,0,14,6
3669,0,1,1,1,0,5,2
3670,0,0,0,0,0,6,2
3672,0,0,0,0,0,6,3
3675,0,0,0,0,0,6,2
3676,0,1,1,1,0,7,5
3678,0,0,0,0,0,14,6
3679,0,0,0,1,1,0,0
3682,0,0,0,0,0,7,3
3685,0,0,0,1,0,11,5
3686,0,0,0,0,0,7,3
3687,0,0,0,0,0,16,5
3688,0,0,0,0,1,0,0
3690,0,1,1,1,0,8,4
3693,0,0,0,0,0,9,4
3694,0,0,0,0,0,9,4
3695,0,0,0,0,0,12,5
3696,0,0,1,1,0,5,3
3697,0,1,1,1,0,6,4
3698,0,0,0,0,0,8,3
3699,0,0,0,0,0,6,2
3700,0,0,0,0,0,3,2
3701,1,1,1,1,0,15,5
3702,0,0,0,0,0,12,5
3703,0,0,0,1,1,0,0
3704,0,0,0,0,1,0,0
3705,0,0,0,0,0,7,3
3706,0,0,0,0,0,8,5
3710,0,0,0,0,0,16,7
3712,0,0,0,0,0,6,3
3713,0,0,0,1,0,3,1
3714,0,0,0,0,0,7,4
3718,0,0,0,0,0,4,2
3719,0,0,0,0,0,4,3
3721,0,0,0,0,0,8,5
3723,0,0,1,1,0,6,3
3725,0,0,0,0,1,0,0
3729,0,0,0,0,0,13,7
3730,0,1,1,1,0,7,3
3731,0,0,0,0,0,5,3
3732,0,0,0,0,0,9,4
3734,0,0,1,1,0,6,3
3735,0,0,0,0,0,10,4
3736,0,0,0,0,0,8,5
3737,0,0,0,0,0,8,4
3738,0,0,0,0,0,4,2
3741,0,0,0,0,0,13,5
3744,0,0,0,0,0,7,4
3746,0,0,0,0,0,8,4
3747,0,0,0,1,0,6,2
3748,0,0,0,0,0,8,6
3750,0,0,0,0,0,10,5
3751,0,0,0,0,0,7,4
3752,0,0,0,1,0,6,3
3753,0,1,1,1,0,6,2
3754,0,0,0,0,0,8,4
3759,0,0,0,0,0,7,3
3760,0,0,0,0,0,5,2
3761,0,0,0,0,0,5,3
3762,0,0,0,0,0,8,4
3765,0,0,0,0,0,17,4
3766,0,0,0,0,0,7,2
3769,0,0,0,0,0,15,9
3771,0,0,0,0,0,8,3
3772,0,0,0,0,0,11,5
3773,0,0,0,0,0,8,4
3774,0,0,0,1,0,3,1
3775,0,0,0,0,0,6,2
3776,0,0,0,0,0,17,7
3777,0,0,0,0,1,0,0
3778,0,0,0,0,0,3,1
3779,0,0,0,0,0,6,2
3780,0,0,0,0,0,5,2
3783,0,0,1,1,0,6,2
3784,0,0,0,0,0,3,1
3785,0,0,0,0,0,7,4
3786,0,0,0,0,0,5,3
3787,0,0,0,0,0,4,2
3788,0,0,0,0,0,11,5
3789,0,0,0,0,0,9,4
3791,0,0,0,0,0,9,5
3793,0,0,0,0,0,15,5
3794,0,0,0,0,0,9,5
3795,0,0,0,0,0,11,7
3796,0,0,0,0,0,4,4
3797,0,0,0,0,0,22,8
3798,0,0,0,0,0,6,2
3799,0,0,0,0,1,0,0
3801,0,0,0,0,0,6,2
3802,0,0,0,0,0,6,2
3803,0,0,0,0,0,7,4
3804,0,0,0,0,0,5,2
3805,0,0,0,1,0,7,5
3806,0,0,0,0,0,6,4
3807,0,1,1,1,0,7,4
3809,0,1,1,1,0,4,2
3810,0,0,0,0,0,9,4
3811,0,0,0,0,0,3,1
3814,0,0,0,0,0,42,8
3815,0,0,0,0,0,7,3
3816,0,0,0,0,0,5,4
3817,0,0,0,0,0,4,2
3820,0,0,0,0,0,35,7
3821,0,0,0,0,0,6,2
3822,0,0,0,0,0,21,7
3823,0,0,0,0,0,6,3
3824,0,0,0,0,1,0,0
3825,0,0,0,0,0,6,4
3827,0,0,0,0,0,12,5
3828,0,0,0,0,0,4,2
3829,0,0,0,0,0,6,2
3830,0,0,0,1,0,4,2
3831,0,0,0,1,0,9,3
3832,0,0,0,0,0,5,3
3833,0,0,0,0,1,0,0
3835,0,0,0,0,1,0,0
3836,0,0,0,0,0,8,4
3837,0,0,0,1,1,0,0
3838,0,0,0,0,0,5,3
3844,0,0,0,0,0,6,3
3846,0,0,0,0,0,10,3
3847,0,0,0,0,0,4,2
3848,0,0,0,0,1,0,0
3850,0,0,0,0,0,12,6
3852,0,0,0,0,0,15,6
3853,0,0,0,0,0,5,2
3854,0,0,0,0,0,12,4
3855,0,0,0,0,0,4,3
3856,0,0,0,0,0,8,5
3857,0,0,0,0,0,5,3
3858,0,0,0,0,0,8,5
3860,0,0,0,0,0,9,5
3864,0,0,0,0,0,7,4
3865,0,0,0,0,0,3,1
3867,0,0,0,0,0,5,3
3869,0,0,0,0,0,4,2
3870,0,0,0,0,0,13,4
3872,0,0,0,0,0,8,4
3874,0,0,0,0,0,12,5
3879,0,0,0,0,0,3,1
3880,0,0,0,0,0,11,6
3881,0,0,0,0,0,7,3
3882,0,1,1,1,0,13,3
3883,0,0,0,0,0,5,3
3884,0,0,0,0,0,3,1
3885,0,0,0,0,0,7,4
3886,0,0,0,0,0,3,2
3887,0,0,0,0,1,0,0
3888,0,0,0,0,0,8,3
3889,0,0,0,0,0,17,6
3890,0,0,0,0,0,8,3
3892,0,0,0,0,0,9,3
3893,0,0,0,0,0,4,3
3895,0,0,0,0,0,12,4
3896,0,0,0,0,0,5,2
3897,0,0,0,0,0,5,2
3898,0,0,0,0,0,5,4
3899,0,1,1,1,0,10,4
3900,0,0,0,0,0,7,3
3902,0,0,0,0,1,0,0
3903,0,0,0,1,0,6,4
3904,0,0,0,1,0,6,3
3906,0,0,0,1,0,8,3
3907,0,0,0,0,0,11,4
3908,0,0,1,1,0,15,7
3910,0,0,0,0,0,9,2
3911,0,0,0,0,0,12,4
3912,0,0,0,0,0,6,3
3913,0,0,0,0,0,6,2
3915,0,0,0,0,0,5,2
3917,0,0,0,0,0,7,3
3918,0,0,0,0,0,8,3
3919,0,1,1,1,0,12,3
3920,0,0,0,0,0,7,3
3923,0,0,0,0,0,7,2
3924,0,0,0,0,0,7,4
3925,0,0,0,0,0,4,2
3926,0,0,0,0,0,14,6
3927,0,0,0,0,1,0,0
3928,0,0,0,1,0,7,4
3930,0,0,0,1,0,8,4
3931,0,0,0,0,0,7,3
3932,0,0,0,0,0,8,4
3933,0,0,0,0,0,7,3
3934,0,0,0,1,0,3,1
3935,0,0,0,1,0,6,4
3936,0,0,0,0,0,6,2
3939,0,0,0,0,0,7,3
3940,0,0,0,0,0,7,4
3942,0,0,0,0,0,8,5
3943,0,0,0,0,0,20,7
3944,0,0,1,1,0,19,8
3948,0,0,0,0,0,3,1
3949,0,0,0,0,0,31,5
3950,0,0,0,0,0,4,2
3951,0,0,0,0,0,3,1
3953,0,0,0,0,0,6,2
3954,0,0,0,0,0,4,2
3955,0,0,0,0,0,3,2
3956,0,0,0,0,0,15,4
3957,0,0,0,0,0,10,7
3958,1,1,1,1,0,21,5
3959,0,0,0,0,0,18,7
3960,0,0,0,0,0,5,2
3961,0,0,0,0,0,3,1
3962,0,0,0,0,0,6,2
3963,0,0,0,0,0,11,5
3964,0,0,0,0,0,10,6
3965,0,0,0,0,0,5,2
3966,0,0,0,0,0,7,3
3968,0,0,0,0,0,5,3
3969,0,0,0,1,1,0,0
3970,0,1,1,1,0,8,3
3971,0,0,0,0,0,21,7
3972,0,1,1,1,0,18,4
3974,0,0,0,0,0,7,3
3975,0,0,0,0,0,11,7
3978,0,1,1,1,0,4,2
3979,0,0,0,0,0,16,6
3980,0,0,0,0,0,7,3
3981,0,0,0,0,0,6,3
3983,0,0,0,0,0,14,4
3984,0,0,0,0,1,0,0
3986,0,0,0,0,0,6,2
3987,0,0,0,1,1,0,0
3989,0,0,0,0,0,3,1
3990,0,0,0,0,1,0,0
3992,0,0,0,0,0,17,6
3993,0,0,0,0,0,5,2
3994,0,0,0,0,0,39,4
3995,0,0,0,0,0,5,3
3997,0,0,0,0,0,10,4
3998,0,0,0,0,0,3,1
4000,0,0,0,0,0,7,4
4005,0,0,0,0,0,6,3
4006,0,0,0,0,0,6,5
4007,0,0,0,0,0,6,3
4009,0,0,0,1,0,5,4
4010,0,0,0,0,0,4,2
4011,0,0,0,1,0,13,5
4012,0,0,0,0,0,4,1
4013,0,0,0,0,0,6,4
4016,0,0,0,0,0,10,3
4018,0,0,0,0,0,8,5
4020,0,0,0,0,0,6,3
4021,0,0,0,0,0,10,4
4022,0,0,0,0,0,6,2
4023,0,0,0,0,0,7,5
4024,0,0,0,0,0,4,2
4025,0,0,0,0,0,5,2
4026,0,0,0,0,0,11,5
4027,0,0,0,1,0,3,1
4029,0,0,0,0,0,7,3
4030,0,0,0,1,0,11,7
4031,0,0,0,0,1,0,0
4032,0,0,0,0,0,6,2
4033,0,1,1,1,0,7,3
4034,0,0,0,1,0,8,5
4036,0,0,0,0,0,8,3
4037,0,0,0,0,0,12,4
4038,0,1,1,1,0,4,2
4039,0,0,0,0,0,21,7
4040,0,0,0,0,1,0,0
4042,0,0,0,0,0,6,2
4044,0,0,0,0,0,11,4
4047,0,0,0,0,0,6,2
4049,0,0,0,0,0,12,5
4051,0,0,0,1,0,4,2
4052,0,0,0,1,0,4,2
4053,0,0,0,0,0,14,4
4054,0,0,0,0,0,4,2
4056,0,0,0,0,1,0,0
4058,0,0,0,0,0,6,2
4059,0,0,0,0,1,0,0
4061,0,0,0,1,0,8,5
4063,0,0,0,0,1,0,0
4064,0,0,0,0,0,8,3
4066,0,0,0,0,0,4,3
4068,0,0,0,1,0,7,4
4069,0,0,1,1,0,9,5
4070,0,0,0,0,0,4,2
4071,0,0,0,0,0,9,4
4075,0,0,0,1,0,19,7
4076,0,0,0,0,0,3,1
4077,0,0,0,0,0,6,3
4079,0,0,0,0,0,6,4
4081,0,0,0,0,0,5,2
4082,0,0,0,0,0,22,5
4083,0,0,0,0,0,6,3
4084,0,0,0,0,0,14,5
4085,0,0,0,0,1,0,0
4086,0,0,0,0,0,3,1
4087,0,0,1,1,0,7,3
4088,0,0,0,0,0,6,4
4089,0,0,0,0,0,7,4
4090,0,0,0,0,0,5,2
4091,0,0,0,0,0,23,8
4092,0,0,0,0,1,0,0
4093,0,0,0,1,0,6,3
4094,0,0,0,0,0,4,3
4095,0,0,0,0,0,10,6
4096,0,0,0,0,0,3,1
4097,0,0,0,0,0,8,5
4098,0,0,0,0,0,3,2
4100,0,0,0,0,0,17,7
4102,0,0,0,0,0,15,6
4103,0,0,0,0,0,9,4
4104,0,1,1,1,0,10,6
4105,0,0,0,1,0,6,2
4106,0,0,0,1,0,7,4
4107,0,0,0,0,1,0,0
4108,0,0,0,0,0,5,3
4109,0,0,0,1,0,9,5
4110,0,0,0,0,0,14,5
4111,0,0,0,0,0,8,5
4112,0,0,0,0,1,0,0
4114,0,0,0,0,1,0,0
4115,0,0,0,0,0,6,4
4116,0,0,0,0,0,7,3
4120,0,0,0,0,0,17,7
4121,0,0,0,0,0,12,5
4122,0,0,0,0,0,7,3
4124,0,0,0,0,0,20,6
4126,0,0,0,0,1,0,0
4127,0,0,0,0,0,6,2
4128,0,0,0,0,0,6,2
4129,0,0,0,0,0,9,3
4130,0,0,0,0,0,6,2
4131,0,0,0,0,0,8,3
4132,0,0,0,0,0,18,7
4133,0,0,0,0,0,10,4
4136,0,0,1,1,0,13,6
4137,0,0,0,0,0,5,2
4138,0,0,1,1,0,16,6
4140,0,0,0,0,1,0,0
4142,0,0,0,0,0,6,4
4144,0,0,0,0,0,8,4
4148,0,0,0,0,0,9,6
4150,0,0,0,0,1,0,0
4151,0,0,0,0,0,3,1
4153,0,0,1,1,0,40,7
4154,0,0,0,1,0,6,2
4155,0,0,0,1,0,6,4
4156,0,0,0,0,0,13,5
4158,0,0,0,0,0,6,3
4159,0,0,0,0,1,0,0
4160,0,0,0,0,1,0,0
4162,0,0,1,1,0,8,4
4163,0,0,0,1,0,20,6
4164,0,0,0,0,0,18,5
4165,0,0,0,0,0,7,3
4166,0,0,0,0,1,0,0
4167,0,0,0,0,0,10,4
4168,0,0,0,0,0,5,3
4169,0,0,0,0,0,4,4
4170,0,0,0,0,0,8,3
4171,0,0,0,1,0,7,3
4172,0,0,0,1,0,3,1
4173,0,0,0,0,1,0,0
4174,0,0,0,0,0,7,4
4177,0,0,0,0,0,3,1
4178,0,0,0,1,0,14,8
4179,0,0,0,0,1,0,0
4180,0,0,0,0,1,0,0
4181,0,0,0,0,1,0,0
4182,0,0,0,0,0,10,4
4184,0,0,0,0,0,7,4
4186,0,0,1,1,0,6,2
4187,0,0,0,0,0,12,3
4188,0,0,0,0,0,18,7
4189,0,0,0,0,1,0,0
4190,0,1,1,1,0,12,3
4191,0,0,0,0,0,6,2
4192,0,0,0,0,0,19,4
4193,0,0,1,1,0,9,2
4194,0,0,0,0,0,4,2
4195,0,0,0,0,0,5,2
4196,0,0,0,0,0,3,2
4197,0,0,1,1,0,14,4
4198,0,0,0,0,0,6,2
4201,0,0,0,0,0,15,4
4202,0,0,0,0,0,5,4
4204,0,0,0,0,0,6,4
4209,0,0,0,0,0,10,4
4213,0,0,0,0,0,14,3
4214,0,0,0,0,0,4,2
4215,0,0,0,0,0,15,6
4216,0,1,1,1,0,6,3
4220,0,0,0,0,0,8,3
4221,0,0,0,1,0,7,3
4222,0,0,0,0,0,3,3
4224,0,0,0,0,0,3,1
4225,0,0,0,0,0,4,2
4227,0,0,0,1,0,3,1
4229,0,0,0,0,0,14,5
4230,0,0,0,0,0,5,2
4231,0,0,0,0,0,5,3
4232,0,1,1,1,0,5,3
4233,0,0,0,0,1,0,0
4234,0,0,1,1,0,3,2
4236,0,0,0,0,0,4,2
4237,0,0,0,0,0,6,4
4238,0,0,1,1,0,16,6
4239,0,0,0,0,0,7,3
4240,0,0,0,0,1,0,0
4241,0,0,0,0,1,0,0
4242,0,0,0,0,0,19,6
4243,0,0,0,0,1,0,0
4244,0,0,0,0,0,10,5
4245,0,0,0,0,0,10,7
4248,0,0,0,0,0,5,2
4249,0,0,0,0,0,4,3
4253,0,0,0,1,0,11,4
4254,0,0,0,0,0,25,6
4255,0,0,0,0,0,5,3
4256,0,0,0,1,0,6,2
4257,0,0,0,0,0,7,3
4258,0,0,1,1,0,6,2
4260,0,0,0,0,1,0,0
4261,0,0,0,0,0,9,7
4263,0,0,0,0,0,18,5
4264,0,0,0,0,0,11,6
4265,0,0,0,0,0,7,3
4266,0,0,0,0,0,5,2
4267,0,0,0,0,0,6,3
4269,0,0,0,0,0,6,2
4270,0,0,0,0,0,5,3
4271,0,0,0,0,0,10,4
4272,0,0,0,1,0,6,3
4273,0,0,0,0,0,4,2
4274,0,0,0,0,0,9,4
4275,0,0,0,0,0,3,1
4276,0,0,0,0,1,0,0
4277,0,0,0,0,0,6,2
4278,0,0,0,0,0,5,2
4279,0,0,0,0,0,4,3
4280,0,0,0,0,0,10,4
4281,0,0,0,0,1,0,0
4282,0,0,0,0,0,5,2
4283,0,0,0,0,0,7,5
4284,0,0,0,0,0,6,2
4285,0,0,0,0,0,7,3
4288,0,0,0,0,0,7,2
4289,0,0,0,0,0,4,2
4290,0,0,0,0,0,10,4
4292,0,0,1,1,0,9,5
4293,0,0,0,0,1,0,0
4294,0,0,0,1,1,0,0
4295,0,0,0,0,0,6,5
4296,0,0,0,1,0,5,2
4297,0,0,0,1,0,9,5
4299,0,0,0,0,0,39,5
4300,0,0,0,1,0,5,2
4301,0,0,0,0,0,8,5
4302,0,0,0,0,0,3,1
4303,0,0,0,0,0,11,3
4304,0,0,1,1,1,0,0
4305,1,1,1,1,0,5,3
4306,0,0,0,0,0,12,5
4307,1,1,1,1,0,4,2
4308,0,1,1,1,0,18,5
4310,0,0,0,0,0,3,1
4312,0,1,1,1,0,17,3
4314,0,0,0,0,0,3,1
4315,0,0,0,0,0,10,3
4316,0,0,0,0,0,4,2
4317,0,0,0,0,0,11,5
4318,0,0,0,0,0,5,2
4320,0,0,0,0,0,11,5
4321,0,0,0,0,0,5,3
4322,0,0,1,1,0,9,4
4323,0,0,0,0,0,13,7
4324,0,0,0,0,1,0,0
4325,0,0,0,0,0,3,2
4326,0,0,0,0,0,7,3
4327,0,0,0,0,0,15,7
4332,0,0,0,0,0,7,4
4333,0,0,0,0,0,4,3
4334,0,0,0,0,0,6,2
4335,0,0,0,0,0,9,5
4337,0,0,0,0,1,0,0
4338,0,0,0,0,0,15,6
4339,0,0,0,0,0,8,5
4340,0,0,0,0,0,4,2
4341,0,0,0,0,0,5,2
4342,0,0,0,0,0,7,3
4345,0,0,0,0,0,10,4
4346,0,0,0,0,0,21,6
4347,0,0,0,0,0,5,3
4348,0,0,0,0,0,4,2
4349,0,0,0,0,0,6,2
4350,0,0,0,1,0,6,2
4351,0,0,0,0,1,0,0
4352,0,0,0,0,0,6,3
4353,0,0,0,0,0,10,3
4355,0,0,0,0,1,0,0
4356,0,0,0,0,0,12,7
4357,0,0,0,0,0,6,1
4358,0,0,0,0,0,19,5
4359,0,0,0,0,0,48,8
4360,0,0,0,0,1,0,0
4363,0,0,0,0,1,0,0
4365,0,0,0,0,0,8,3
4368,0,0,0,0,0,18,4
4369,0,0,0,0,0,6,2
4370,0,0,0,0,0,7,4
4372,0,0,0,0,0,9,5
4373,0,0,0,0,0,6,2
4374,0,0,0,0,0,12,6
4376,0,0,0,0,0,3,2
4377,0,0,0,1,1,0,0
4378,0,0,1,1,0,14,5
4379,0,0,0,0,0,6,2
4381,0,0,0,0,0,6,3
4382,0,1,1,1,0,6,2
4385,0,0,0,0,0,14,6
4386,0,0,0,0,1,0,0
4387,0,0,0,0,0,15,8
4388,0,0,0,0,1,0,0
4391,0,0,0,0,0,14,7
4392,0,0,0,0,0,7,3
4393,0,0,0,0,0,4,2
4394,0,0,0,0,0,7,3
4396,0,0,1,1,0,9,4
4397,0,0,0,0,1,0,0
4398,0,0,0,0,0,11,4
4400,0,0,0,0,0,10,5
4402,0,0,1,1,0,18,6
4404,0,0,0,0,0,6,3
4406,0,0,0,0,0,7,3
4408,0,0,0,0,0,10,6
4410,0,0,0,0,0,3,1
4411,0,0,0,1,0,27,3
4412,0,0,0,0,0,4,3
4413,0,0,0,0,0,8,2
4415,0,0,0,0,0,4,3
4416,0,0,0,0,0,16,5
4417,0,0,0,0,0,6,2
4418,0,0,0,0,0,9,5
4420,0,0,0,0,0,15,8
4421,0,0,0,0,0,9,3
4423,0,0,0,1,0,7,3
4426,0,0,0,0,0,14,8
4429,0,0,0,0,0,6,2
4430,0,0,0,0,0,12,4
4431,0,0,0,0,1,0,0
4432,0,0,0,0,0,6,2
4435,0,0,0,0,0,9,4
4436,0,0,0,0,0,12,8
4437,0,0,0,0,0,11,3
4438,0,1,1,1,0,5,2
4439,0,0,0,0,0,11,5
4442,0,0,0,1,0,5,2
4443,0,0,0,0,0,8,3
4444,0,0,0,0,0,12,4
4445,0,0,0,0,0,9,4
4446,0,0,0,0,0,5,2
4447,0,0,0,0,0,20,6
4448,0,0,0,0,0,4,2
4450,0,0,0,0,0,7,4
4451,0,0,0,0,0,6,2
4452,0,0,0,1,0,5,2
4454,0,0,0,0,1,0,0
4455,0,0,0,0,0,6,3
4458,0,0,0,1,0,7,2
4460,0,0,0,0,0,6,2
4461,0,0,0,0,0,3,1
4463,0,0,0,0,0,9,3
4465,0,0,0,0,0,10,5
4468,0,0,0,0,0,12,5
4469,0,0,0,0,0,12,4
4470,0,0,0,0,0,6,4
4472,0,0,0,0,0,20,7
4473,0,0,0,0,0,17,5
4474,0,0,0,1,0,20,6
4475,0,0,0,0,1,0,0
4477,0,0,0,0,0,24,9
4481,0,0,0,0,1,0,0
4482,0,0,0,0,0,10,5
4483,0,0,0,0,0,5,4
4484,0,0,0,0,0,5,3
4485,0,0,0,1,0,10,6
4487,0,0,0,0,0,7,3
4488,0,0,0,1,0,16,4
4491,0,0,0,0,0,4,2
4493,0,0,0,0,0,5,2
4496,0,0,0,0,0,8,4
4497,0,0,0,0,0,6,3
4499,0,0,0,0,0,6,2
4501,0,1,1,1,0,6,5
4502,0,0,0,0,0,18,5
4503,0,0,0,0,0,4,3
4504,0,0,0,0,0,11,4
4505,0,0,0,0,0,3,1
4509,0,0,0,0,0,11,2
4511,0,0,0,0,0,5,4
4512,0,0,0,0,0,6,2
4513,0,1,1,1,0,4,2
4514,0,0,0,0,0,12,6
4515,0,0,0,0,0,12,6
4516,0,0,0,0,0,8,6
4517,0,0,0,0,0,8,4
4521,0,0,0,0,1,0,0
4522,0,0,0,0,0,14,6
4523,0,1,1,1,0,6,3
4524,0,0,0,0,0,5,4
4526,0,0,0,0,0,5,2
4527,0,0,0,0,0,10,5
4528,0,0,0,0,0,29,4
4529,0,0,0,0,0,6,3
4532,0,0,0,0,0,4,3
4535,0,0,0,0,0,6,3
4536,0,0,0,0,0,12,6
4537,0,0,0,0,0,13,6
4538,0,0,0,0,0,6,3
4539,0,0,0,0,0,8,3
4541,0,0,0,0,0,8,5
4546,0,0,0,0,0,14,7
4547,0,0,0,0,0,3,1
4548,0,0,0,0,0,6,2
4549,0,0,0,0,0,3,1
4550,0,0,0,1,0,7,3
4551,0,0,0,1,0,9,4
4552,0,0,0,0,0,4,2
4553,0,0,0,0,0,10,4
4556,0,0,0,0,1,0,0
4557,0,0,0,0,0,6,4
4558,0,0,0,0,0,3,2
4559,0,0,0,0,0,3,1
4560,0,0,0,1,0,13,3
4561,0,0,0,0,0,14,3
4562,0,0,0,0,0,8,2
4563,0,0,0,0,0,5,4
4564,0,0,0,0,0,4,2
4565,0,0,0,0,0,8,5
4566,0,0,0,0,1,0,0
4567,0,0,0,0,0,12,6
4569,0,1,1,1,0,21,4
4570,0,0,0,0,0,8,4
4571,0,0,0,0,0,19,5
4573,0,0,0,0,0,7,3
4574,0,0,0,0,0,5,2
4578,0,1,1,1,1,0,0
4579,0,0,0,0,0,4,2
4580,0,0,0,0,0,6,2
4581,0,0,0,0,1,0,0
4582,0,0,0,0,1,0,0
4583,0,0,0,0,0,10,4
4585,0,0,0,0,0,8,5
4586,0,0,0,0,0,5,2
4587,0,0,0,1,0,7,4
4588,0,0,0,0,0,6,2
4589,0,0,0,1,0,6,3
4590,0,0,1,1,0,6,3
4593,0,0,0,0,0,3,1
4594,0,0,0,0,0,11,6
4595,0,0,0,0,0,4,2
4597,0,0,0,0,0,4,2
4598,0,0,0,0,0,6,3
4599,0,0,0,0,0,9,5
4600,0,0,0,0,0,4,2
4601,0,0,0,0,0,7,3
4602,0,0,0,0,0,11,4
4603,1,1,1,1,1,0,0
4604,0,0,0,0,0,9,5
4605,0,0,0,0,1,0,0
4607,0,0,0,0,0,11,7
4608,0,0,0,0,0,6,4
4611,0,0,0,0,0,4,2
4612,0,0,0,0,0,7,4
4613,0,0,1,1,0,6,2
4615,0,0,0,0,0,5,2
4616,0,0,0,0,0,3,1
4617,0,0,0,0,0,6,2
4618,0,0,0,0,0,7,5
4620,0,0,1,1,0,4,4
4621,0,0,0,0,0,10,6
4624,0,0,0,0,0,9,6
4625,0,0,0,1,0,5,2
4626,0,0,0,0,0,3,1
4627,0,0,0,1,0,10,5
4628,0,0,0,0,0,5,4
4630,0,0,0,1,0,10,7
4631,0,0,0,0,0,31,8
4632,0,0,0,0,0,4,2
4633,0,0,0,0,0,15,6
4634,0,0,0,0,0,3,1
4636,0,0,0,1,0,25,9
4638,0,1,1,1,0,12,5
4640,0,0,0,0,0,8,3
4644,0,0,0,0,0,11,4
4645,0,0,0,0,0,22,6
4646,0,0,0,0,0,5,2
4648,0,0,0,0,0,3,1
4649,0,0,0,0,0,4,2
4650,0,0,0,0,0,10,4
4651,0,0,0,0,0,4,2
4652,0,0,0,0,0,7,2
4653,0,0,0,0,0,5,3
4654,0,0,0,0,0,21,9
4657,0,0,0,0,0,6,2
4658,0,0,0,0,0,8,3
4660,0,0,0,0,0,12,4
4661,0,0,0,0,0,5,3
4662,0,0,0,0,1,0,0
4663,0,0,0,0,0,4,2
4664,0,0,0,0,0,13,6
4665,0,0,0,0,0,8,2
4666,0,0,0,0,1,0,0
4667,0,0,0,0,0,12,3
4668,0,0,0,1,0,10,4
4669,0,0,0,1,0,5,2
4670,0,0,0,0,0,7,3
4672,0,0,0,1,0,7,3
4673,0,0,0,0,0,14,6
4674,0,0,0,0,0,26,6
4676,0,1,1,1,0,8,5
4678,0,0,0,0,0,7,4
4680,0,0,0,0,0,6,2
4681,0,0,0,0,0,13,7
4684,0,0,0,0,0,4,2
4685,0,0,1,1,0,9,4
4686,0,0,0,1,0,10,5
4688,0,0,0,0,0,12,6
4689,0,0,0,0,0,4,2
4691,0,0,0,0,0,3,1
4693,0,0,0,0,0,13,6
4694,0,0,0,0,0,5,3
4695,0,0,0,0,1,0,0
4696,0,0,0,0,0,8,3
4697,0,0,0,0,0,6,2
4698,0,0,0,0,0,5,2
4699,0,0,0,1,0,4,4
4700,0,0,0,0,0,7,2
4701,0,0,0,1,0,8,4
4702,0,0,0,0,0,8,3
4703,0,0,0,0,0,5,2
4704,0,0,1,1,0,17,7
4706,0,0,0,0,0,17,8
4707,0,0,0,1,0,4,2
4708,0,0,0,0,0,5,3
4710,0,0,0,1,0,4,2
4711,0,0,0,0,0,7,4
4712,0,0,0,0,0,9,6
4715,0,0,0,0,0,10,5
4716,0,0,0,0,0,6,3
4717,0,0,0,0,1,0,0
4718,0,0,0,0,0,9,4
4720,0,0,1,1,0,5,2
4721,0,0,0,0,0,8,4
4722,0,0,0,0,0,7,3
4723,0,0,1,1,0,9,3
4725,0,0,0,0,0,3,1
4726,0,0,0,0,0,8,3
4727,0,1,1,1,0,4,2
4728,0,0,0,0,0,8,4
4730,0,0,0,0,1,0,0
4731,0,0,0,0,0,12,6
4732,0,0,0,0,0,3,2
4733,0,0,0,0,0,5,3
4734,0,0,1,1,0,9,4
4735,0,0,0,0,0,9,5
4737,0,0,0,0,0,9,3
4738,0,0,0,0,0,6,3
4739,0,0,0,0,0,6,4
4740,0,0,0,0,0,5,3
4741,0,0,0,0,0,4,2
4744,0,0,0,0,0,7,5
4745,0,0,0,0,0,7,3
4746,0,0,0,0,0,31,7
4747,0,0,0,0,0,5,2
4749,0,0,0,0,0,6,5
4751,0,0,0,0,0,4,3
4754,0,0,0,0,0,5,2
4755,0,0,0,0,0,6,2
4756,0,0,0,0,1,0,0
4758,0,0,0,1,0,5,4
4759,0,0,0,0,0,5,3
4760,0,0,1,1,0,10,7
4761,0,0,0,0,0,4,2
4762,0,0,0,0,0,8,5
4763,0,0,0,0,0,5,2
4764,0,0,0,1,0,3,1
4765,0,0,0,0,0,3,1
4766,0,0,0,0,0,9,3
4767,0,0,0,0,0,29,4
4768,0,0,0,0,0,8,4
4770,0,0,0,0,0,4,3
4771,0,0,0,0,0,3,2
4773,0,0,0,0,0,5,3
4774,0,0,0,0,0,4,2
4775,0,0,0,0,0,8,4
4776,0,1,1,1,0,8,4
4777,0,0,1,1,0,7,4
4778,0,0,0,0,0,13,5
4779,0,0,1,1,0,4,2
4781,0,1,1,1,0,6,2
4782,0,0,0,1,0,8,4
4783,0,0,0,1,1,0,0
4785,0,0,0,1,0,9,3
4786,0,0,0,0,0,9,5
4787,0,0,0,0,0,6,2
4790,0,0,1,1,1,0,0
4791,0,0,0,0,0,12,4
4792,0,0,0,0,0,9,5
4794,0,0,0,0,0,8,4
4796,0,0,0,1,0,12,5
4797,0,0,0,0,0,9,5
4800,0,0,0,0,0,9,4
4801,0,0,0,1,0,7,3
4803,0,0,0,0,0,7,3
4804,0,0,0,0,1,0,0
4805,0,0,0,1,0,7,4
4806,0,0,0,1,0,8,3
4807,0,0,0,0,0,17,5
4809,0,0,0,0,0,6,3
4811,0,0,0,0,0,4,2
4812,0,0,0,0,0,7,2
4813,0,0,0,0,0,20,8
4814,0,0,0,0,0,5,3
4815,0,0,0,0,0,5,2
4816,0,0,0,0,0,15,6
4818,0,0,1,1,0,7,3
4819,0,0,0,0,0,5,2
4820,0,0,0,0,0,3,1
4821,0,0,0,0,0,15,5
4823,0,0,0,0,0,6,2
4824,0,0,0,0,0,4,2
4825,0,0,0,0,0,6,4
4826,0,0,0,1,0,4,2
4827,0,1,1,1,0,13,7
4828,0,0,0,0,0,11,4
4829,0,0,0,0,0,6,2
4833,0,0,0,1,1,0,0
4834,1,1,1,1,0,3,1
4835,0,0,0,0,0,24,7
4837,0,0,0,0,0,6,4
4838,0,0,1,1,0,4,2
4839,0,0,0,1,0,4,2
4840,1,1,1,1,0,6,2
4841,0,1,1,1,1,0,0
4843,0,0,0,1,0,3,1
4846,0,0,0,0,0,5,2
4847,0,0,0,1,1,0,0
4848,0,0,0,0,0,4,3
4849,0,0,0,0,0,15,7
4850,0,0,0,0,0,7,3
4851,0,0,0,0,0,7,3
4852,0,0,0,0,1,0,0
4853,0,0,0,0,0,9,3
4854,0,0,0,0,0,14,8
4855,0,0,0,1,0,4,2
4856,0,0,0,0,0,13,4
4857,0,1,1,1,0,5,3
4859,0,0,1,1,0,6,2
4860,0,0,0,1,0,7,3
4861,0,0,0,1,1,0,0
4862,0,0,0,0,0,9,3
4863,0,0,0,0,0,9,5
4866,0,0,0,1,0,3,1
4867,0,0,0,0,0,5,2
4868,0,0,0,0,0,8,6
4870,0,0,0,0,0,4,2
4871,0,0,0,0,0,17,5
4872,0,0,0,0,0,12,4
4875,0,0,1,1,0,7,4
4876,0,0,0,0,0,6,3
4878,0,0,0,0,0,7,4
4879,0,0,0,0,0,3,1
4880,0,0,0,0,0,5,2
4883,0,0,0,0,0,7,3
4885,0,0,0,0,0,7,3
4886,0,0,0,1,0,6,3
4888,0,0,0,0,1,0,0
4889,0,0,0,0,0,4,2
4890,0,0,0,0,0,23,6
4891,0,0,0,0,0,6,2
4892,0,0,0,0,0,5,2
4893,0,0,0,0,0,5,3
4894,0,0,0,0,0,3,1
